Year,Month,Day,Value,data Completeness
2008,8,1,0.5,C
2008,8,2,0.0,C
2008,8,3,0.5,C
2008,8,4,1.5,C
2008,8,5,5.5,C
2008,8,6,28.5,#
2008,8,7,0.5,C
2008,8,8,93.0,C
2008,8,9,0.5,C
2008,8,10,0.5,C
2008,8,11,23.5,C
2008,8,12,***,
2008,8,13,***,
2008,8,14,***,
2008,8,15,***,
2008,8,16,***,
2008,8,17,***,
2008,8,18,***,
2008,8,19,0.5,#
2008,8,20,2.5,C
2008,8,21,0.0,C
2008,8,22,49.0,C
2008,8,23,20.0,C
2008,8,24,2.5,C
2008,8,25,0.5,C
2008,8,26,1.0,C
2008,8,27,0.0,C
2008,8,28,0.0,C
2008,8,29,0.0,C
2008,8,30,0.0,C
2008,8,31,0.5,C
2008,9,1,0.0,C
2008,9,2,32.0,C
2008,9,3,1.0,C
2008,9,4,7.5,C
2008,9,5,6.0,C
2008,9,6,0.0,C
2008,9,7,0.5,C
2008,9,8,6.5,C
2008,9,9,4.0,C
2008,9,10,0.0,C
2008,9,11,0.0,C
2008,9,12,0.0,C
2008,9,13,0.0,C
2008,9,14,0.0,C
2008,9,15,1.0,C
2008,9,16,0.0,C
2008,9,17,0.5,C
2008,9,18,0.5,C
2008,9,19,9.5,C
2008,9,20,0.0,C
2008,9,21,0.0,C
2008,9,22,0.5,C
2008,9,23,16.0,C
2008,9,24,3.0,C
2008,9,25,4.5,#
2008,9,26,0.0,C
2008,9,27,0.0,C
2008,9,28,4.5,C
2008,9,29,0.0,C
2008,9,30,0.0,C
2008,10,1,0.0,C
2008,10,2,1.5,C
2008,10,3,1.0,C
2008,10,4,3.0,C
2008,10,5,69.0,C
2008,10,6,0.0,C
2008,10,7,0.0,C
2008,10,8,0.0,C
2008,10,9,0.0,C
2008,10,10,0.0,C
2008,10,11,0.0,C
2008,10,12,0.0,C
2008,10,13,0.0,C
2008,10,14,0.0,C
2008,10,15,0.0,C
2008,10,16,0.0,C
2008,10,17,0.0,C
2008,10,18,0.0,C
2008,10,19,0.0,C
2008,10,20,0.0,C
2008,10,21,0.0,C
2008,10,22,0.0,C
2008,10,23,0.0,C
2008,10,24,0.0,C
2008,10,25,0.0,C
2008,10,26,0.0,C
2008,10,27,0.0,C
2008,10,28,0.0,C
2008,10,29,0.5,C
2008,10,30,0.5,C
2008,10,31,0.0,C
2008,11,1,0.0,C
2008,11,2,0.0,C
2008,11,3,0.5,C
2008,11,4,0.5,C
2008,11,5,0.0,C
2008,11,6,0.0,C
2008,11,7,0.0,C
2008,11,8,0.0,C
2008,11,9,0.0,C
2008,11,10,0.0,C
2008,11,11,0.0,C
2008,11,12,0.0,C
2008,11,13,0.0,C
2008,11,14,0.5,C
2008,11,15,0.5,C
2008,11,16,0.0,C
2008,11,17,0.0,C
2008,11,18,0.0,C
2008,11,19,0.0,C
2008,11,20,0.0,C
2008,11,21,0.0,C
2008,11,22,0.0,C
2008,11,23,0.0,C
2008,11,24,0.0,C
2008,11,25,0.0,C
2008,11,26,0.0,C
2008,11,27,0.0,C
2008,11,28,0.0,C
2008,11,29,0.0,C
2008,11,30,0.0,C
2008,12,1,0.0,C
2008,12,2,0.0,C
2008,12,3,0.0,C
2008,12,4,0.0,C
2008,12,5,0.0,C
2008,12,6,0.0,C
2008,12,7,0.0,C
2008,12,8,0.0,C
2008,12,9,0.0,C
2008,12,10,0.0,C
2008,12,11,0.0,C
2008,12,12,0.0,C
2008,12,13,0.0,C
2008,12,14,0.0,C
2008,12,15,0.0,C
2008,12,16,0.0,C
2008,12,17,0.0,C
2008,12,18,0.0,C
2008,12,19,0.0,C
2008,12,20,0.0,C
2008,12,21,0.0,C
2008,12,22,0.0,C
2008,12,23,0.0,C
2008,12,24,0.0,C
2008,12,25,0.0,C
2008,12,26,0.0,C
2008,12,27,0.0,C
2008,12,28,0.0,C
2008,12,29,***,
2008,12,30,***,
2008,12,31,***,
2009,1,1,0.0,C
2009,1,2,0.0,C
2009,1,3,0.0,C
2009,1,4,0.0,C
2009,1,5,0.0,C
2009,1,6,0.0,C
2009,1,7,0.0,C
2009,1,8,0.0,C
2009,1,9,0.0,C
2009,1,10,0.0,C
2009,1,11,0.0,C
2009,1,12,0.0,C
2009,1,13,0.0,C
2009,1,14,0.0,C
2009,1,15,0.0,C
2009,1,16,0.0,C
2009,1,17,0.0,C
2009,1,18,0.0,C
2009,1,19,0.0,C
2009,1,20,0.0,C
2009,1,21,0.0,C
2009,1,22,0.0,C
2009,1,23,0.0,C
2009,1,24,0.0,C
2009,1,25,0.0,C
2009,1,26,0.0,C
2009,1,27,0.0,C
2009,1,28,0.0,C
2009,1,29,0.0,C
2009,1,30,0.0,C
2009,1,31,0.0,C
2009,2,1,0.0,C
2009,2,2,0.0,C
2009,2,3,0.0,C
2009,2,4,0.0,C
2009,2,5,0.0,C
2009,2,6,0.0,C
2009,2,7,0.0,C
2009,2,8,0.0,C
2009,2,9,0.0,C
2009,2,10,0.0,C
2009,2,11,0.0,C
2009,2,12,0.0,C
2009,2,13,0.0,C
2009,2,14,0.0,C
2009,2,15,0.0,C
2009,2,16,0.0,C
2009,2,17,0.0,C
2009,2,18,0.0,C
2009,2,19,0.0,C
2009,2,20,0.0,C
2009,2,21,0.0,C
2009,2,22,0.0,C
2009,2,23,0.0,C
2009,2,24,0.0,C
2009,2,25,0.0,C
2009,2,26,0.0,C
2009,2,27,0.0,C
2009,2,28,0.0,C
2009,3,1,0.0,C
2009,3,2,0.0,C
2009,3,3,0.0,C
2009,3,4,0.0,C
2009,3,5,***,
2009,3,6,***,
2009,3,7,***,
2009,3,8,***,
2009,3,9,***,
2009,3,10,0.0,#
2009,3,11,0.0,C
2009,3,12,0.0,C
2009,3,13,0.0,C
2009,3,14,0.0,C
2009,3,15,0.0,C
2009,3,16,0.0,C
2009,3,17,0.0,C
2009,3,18,0.0,C
2009,3,19,0.0,C
2009,3,20,0.0,C
2009,3,21,0.0,C
2009,3,22,0.0,C
2009,3,23,0.0,#
2009,3,24,9.5,C
2009,3,25,15.0,C
2009,3,26,0.0,C
2009,3,27,10.0,C
2009,3,28,1.5,C
2009,3,29,10.0,C
2009,3,30,0.0,C
2009,3,31,0.0,C
2009,4,1,0.0,C
2009,4,2,0.0,C
2009,4,3,0.0,#
2009,4,4,0.0,C
2009,4,5,0.5,C
2009,4,6,4.0,C
2009,4,7,0.0,C
2009,4,8,0.0,C
2009,4,9,0.0,C
2009,4,10,0.0,C
2009,4,11,0.5,C
2009,4,12,1.0,C
2009,4,13,2.5,C
2009,4,14,0.5,C
2009,4,15,7.0,C
2009,4,16,9.5,C
2009,4,17,0.0,C
2009,4,18,37.5,C
2009,4,19,33.0,C
2009,4,20,0.0,C
2009,4,21,0.0,C
2009,4,22,0.5,C
2009,4,23,2.0,C
2009,4,24,0.0,C
2009,4,25,31.0,C
2009,4,26,3.5,C
2009,4,27,0.0,C
2009,4,28,0.0,C
2009,4,29,0.0,C
2009,4,30,0.0,C
2009,5,1,0.0,C
2009,5,2,0.0,C
2009,5,3,1.0,C
2009,5,4,1.0,C
2009,5,5,0.0,C
2009,5,6,0.0,C
2009,5,7,0.0,C
2009,5,8,0.0,C
2009,5,9,0.0,C
2009,5,10,0.0,C
2009,5,11,0.0,C
2009,5,12,0.0,C
2009,5,13,0.0,C
2009,5,14,0.0,C
2009,5,15,0.0,C
2009,5,16,1.0,C
2009,5,17,0.0,C
2009,5,18,0.0,C
2009,5,19,0.0,C
2009,5,20,7.5,C
2009,5,21,2.5,C
2009,5,22,0.5,#
2009,5,23,46.5,C
2009,5,24,45.0,C
2009,5,25,13.0,C
2009,5,26,12.0,C
2009,5,27,17.0,C
2009,5,28,0.5,C
2009,5,29,0.5,C
2009,5,30,0.0,C
2009,5,31,0.0,C
2009,6,1,0.0,C
2009,6,2,0.5,C
2009,6,3,17.0,C
2009,6,4,47.5,C
2009,6,5,0.0,C
2009,6,6,0.0,C
2009,6,7,0.0,C
2009,6,8,3.5,C
2009,6,9,80.5,C
2009,6,10,0.0,C
2009,6,11,38.5,C
2009,6,12,8.5,C
2009,6,13,0.0,C
2009,6,14,62.5,C
2009,6,15,6.0,C
2009,6,16,13.5,C
2009,6,17,0.0,C
2009,6,18,0.0,C
2009,6,19,13.5,C
2009,6,20,1.5,C
2009,6,21,0.5,C
2009,6,22,32.0,C
2009,6,23,23.5,C
2009,6,24,10.0,C
2009,6,25,14.0,C
2009,6,26,16.0,C
2009,6,27,61.5,C
2009,6,28,26.5,C
2009,6,29,0.0,C
2009,6,30,6.0,C
2009,7,1,0.0,C
2009,7,2,1.5,C
2009,7,3,0.0,C
2009,7,4,16.0,C
2009,7,5,54.0,C
2009,7,6,25.5,C
2009,7,7,0.0,C
2009,7,8,0.0,C
2009,7,9,0.5,C
2009,7,10,0.0,C
2009,7,11,0.0,C
2009,7,12,0.5,C
2009,7,13,1.0,C
2009,7,14,0.5,C
2009,7,15,0.0,#
2009,7,16,0.0,#
2009,7,17,0.5,C
2009,7,18,20.5,C
2009,7,19,121.5,C
2009,7,20,10.0,C
2009,7,21,0.5,C
2009,7,22,0.0,C
2009,7,23,1.0,C
2009,7,24,1.0,C
2009,7,25,0.0,C
2009,7,26,0.0,C
2009,7,27,7.5,C
2009,7,28,1.5,C
2009,7,29,25.5,C
2009,7,30,7.0,C
2009,7,31,1.5,C
2009,8,1,0.0,C
2009,8,2,0.5,C
2009,8,3,11.5,C
2009,8,4,16.0,C
2009,8,5,8.5,C
2009,8,6,0.0,C
2009,8,7,0.0,C
2009,8,8,0.0,C
2009,8,9,0.0,C
2009,8,10,0.0,C
2009,8,11,27.5,C
2009,8,12,3.0,C
2009,8,13,23.0,C
2009,8,14,11.0,C
2009,8,15,0.0,C
2009,8,16,0.0,C
2009,8,17,0.0,C
2009,8,18,0.0,C
2009,8,19,0.0,C
2009,8,20,0.0,C
2009,8,21,0.0,C
2009,8,22,0.0,C
2009,8,23,0.0,C
2009,8,24,0.0,C
2009,8,25,1.0,C
2009,8,26,3.5,C
2009,8,27,0.0,C
2009,8,28,0.5,C
2009,8,29,0.5,C
2009,8,30,1.5,C
2009,8,31,0.0,C
2009,9,1,0.5,C
2009,9,2,0.0,C
2009,9,3,0.0,C
2009,9,4,0.0,C
2009,9,5,0.0,C
2009,9,6,0.0,C
2009,9,7,0.0,C
2009,9,8,0.0,C
2009,9,9,8.5,C
2009,9,10,0.0,C
2009,9,11,0.5,C
2009,9,12,1.0,C
2009,9,13,10.5,C
2009,9,14,22.5,C
2009,9,15,64.0,C
2009,9,16,0.0,C
2009,9,17,0.5,C
2009,9,18,0.5,C
2009,9,19,0.0,C
2009,9,20,0.0,C
2009,9,21,0.5,C
2009,9,22,0.0,C
2009,9,23,0.0,C
2009,9,24,0.5,C
2009,9,25,0.0,C
2009,9,26,0.0,C
2009,9,27,0.0,C
2009,9,28,66.5,C
2009,9,29,40.5,C
2009,9,30,8.0,#
2009,10,1,0.0,C
2009,10,2,0.0,C
2009,10,3,0.0,C
2009,10,4,0.0,C
2009,10,5,0.0,C
2009,10,6,0.0,C
2009,10,7,0.0,C
2009,10,8,0.0,C
2009,10,9,0.0,C
2009,10,10,0.0,C
2009,10,11,2.0,C
2009,10,12,0.5,C
2009,10,13,0.0,C
2009,10,14,6.0,C
2009,10,15,0.0,C
2009,10,16,0.0,C
2009,10,17,0.0,C
2009,10,18,0.0,C
2009,10,19,1.5,C
2009,10,20,2.5,C
2009,10,21,0.0,C
2009,10,22,0.0,C
2009,10,23,0.0,C
2009,10,24,0.0,C
2009,10,25,0.5,C
2009,10,26,0.0,C
2009,10,27,0.0,C
2009,10,28,0.0,C
2009,10,29,0.0,C
2009,10,30,0.0,C
2009,10,31,0.0,C
2009,11,1,0.0,C
2009,11,2,0.0,C
2009,11,3,0.0,C
2009,11,4,0.0,C
2009,11,5,0.0,C
2009,11,6,0.5,C
2009,11,7,0.5,C
2009,11,8,0.0,C
2009,11,9,0.0,C
2009,11,10,0.0,C
2009,11,11,1.5,C
2009,11,12,23.0,C
2009,11,13,0.0,C
2009,11,14,0.0,C
2009,11,15,6.0,C
2009,11,16,27.0,C
2009,11,17,0.0,C
2009,11,18,0.0,C
2009,11,19,0.0,C
2009,11,20,0.0,C
2009,11,21,0.0,C
2009,11,22,0.0,C
2009,11,23,0.5,C
2009,11,24,2.0,C
2009,11,25,2.0,C
2009,11,26,0.0,C
2009,11,27,0.0,C
2009,11,28,0.0,C
2009,11,29,0.0,C
2009,11,30,0.0,C
2009,12,1,0.0,#
2009,12,2,0.0,C
2009,12,3,0.0,C
2009,12,4,0.0,#
2009,12,5,0.0,C
2009,12,6,0.0,C
2009,12,7,5.5,C
2009,12,8,10.5,C
2009,12,9,1.5,C
2009,12,10,0.0,C
2009,12,11,0.0,C
2009,12,12,0.0,C
2009,12,13,0.0,C
2009,12,14,0.0,C
2009,12,15,6.0,C
2009,12,16,2.0,C
2009,12,17,0.0,C
2009,12,18,0.0,C
2009,12,19,0.0,C
2009,12,20,0.0,C
2009,12,21,0.0,C
2009,12,22,0.0,C
2009,12,23,0.0,C
2009,12,24,0.0,C
2009,12,25,0.0,C
2009,12,26,0.0,C
2009,12,27,3.0,C
2009,12,28,3.0,C
2009,12,29,5.0,C
2009,12,30,2.5,C
2009,12,31,0.5,C
2010,1,1,0.0,C
2010,1,2,4.0,C
2010,1,3,6.0,C
2010,1,4,0.0,C
2010,1,5,1.5,C
2010,1,6,1.5,C
2010,1,7,0.5,C
2010,1,8,0.0,C
2010,1,9,0.0,C
2010,1,10,0.0,C
2010,1,11,10.5,C
2010,1,12,0.0,C
2010,1,13,0.0,C
2010,1,14,0.0,C
2010,1,15,0.0,C
2010,1,16,0.0,C
2010,1,17,0.0,C
2010,1,18,0.0,C
2010,1,19,0.0,C
2010,1,20,0.0,C
2010,1,21,0.0,C
2010,1,22,0.0,C
2010,1,23,0.0,C
2010,1,24,0.0,C
2010,1,25,0.0,C
2010,1,26,0.5,C
2010,1,27,0.0,C
2010,1,28,1.0,C
2010,1,29,0.5,C
2010,1,30,0.0,C
2010,1,31,0.0,C
2010,2,1,0.0,C
2010,2,2,0.0,C
2010,2,3,0.0,C
2010,2,4,0.5,C
2010,2,5,0.0,C
2010,2,6,0.0,C
2010,2,7,82.5,C
2010,2,8,9.5,C
2010,2,9,0.0,C
2010,2,10,0.0,C
2010,2,11,0.0,C
2010,2,12,0.0,C
2010,2,13,1.5,C
2010,2,14,2.5,C
2010,2,15,2.0,C
2010,2,16,0.5,C
2010,2,17,1.0,#
2010,2,18,0.0,#
2010,2,19,4.0,C
2010,2,20,0.0,C
2010,2,21,0.0,C
2010,2,22,0.0,C
2010,2,23,0.0,C
2010,2,24,0.0,C
2010,2,25,1.0,C
2010,2,26,0.5,C
2010,2,27,0.0,C
2010,2,28,0.0,C
2010,3,1,0.0,C
2010,3,2,0.0,C
2010,3,3,0.0,C
2010,3,4,0.0,C
2010,3,5,0.0,C
2010,3,6,0.0,C
2010,3,7,1.5,C
2010,3,8,2.0,C
2010,3,9,0.5,C
2010,3,10,0.0,C
2010,3,11,2.5,C
2010,3,12,0.0,#
2010,3,13,1.5,C
2010,3,14,0.0,C
2010,3,15,1.5,C
2010,3,16,0.0,C
2010,3,17,0.0,C
2010,3,18,0.0,C
2010,3,19,0.0,C
2010,3,20,0.5,C
2010,3,21,0.5,C
2010,3,22,0.0,C
2010,3,23,0.0,C
2010,3,24,0.5,C
2010,3,25,4.5,C
2010,3,26,0.0,C
2010,3,27,0.0,C
2010,3,28,0.0,#
2010,3,29,0.0,C
2010,3,30,0.0,C
2010,3,31,0.0,C
2010,4,1,0.0,C
2010,4,2,5.0,C
2010,4,3,0.0,C
2010,4,4,0.0,#
2010,4,5,0.0,#
2010,4,6,0.0,C
2010,4,7,4.0,C
2010,4,8,6.0,C
2010,4,9,0.5,C
2010,4,10,6.5,C
2010,4,11,0.5,#
2010,4,12,0.0,#
2010,4,13,7.0,C
2010,4,14,1.0,C
2010,4,15,7.0,C
2010,4,16,0.0,C
2010,4,17,0.0,C
2010,4,18,4.0,C
2010,4,19,0.0,C
2010,4,20,1.0,C
2010,4,21,0.0,C
2010,4,22,7.5,C
2010,4,23,0.0,C
2010,4,24,0.0,C
2010,4,25,0.0,C
2010,4,26,0.0,C
2010,4,27,0.0,C
2010,4,28,0.5,C
2010,4,29,37.5,C
2010,4,30,1.5,C
2010,5,1,0.0,C
2010,5,2,0.5,C
2010,5,3,0.0,C
2010,5,4,0.0,C
2010,5,5,0.0,C
2010,5,6,1.0,C
2010,5,7,24.0,C
2010,5,8,0.0,C
2010,5,9,2.5,C
2010,5,10,25.0,C
2010,5,11,0.5,C
2010,5,12,0.0,C
2010,5,13,0.5,C
2010,5,14,0.5,C
2010,5,15,6.0,C
2010,5,16,3.5,C
2010,5,17,0.5,C
2010,5,18,0.0,C
2010,5,19,53.5,C
2010,5,20,10.5,C
2010,5,21,3.5,C
2010,5,22,13.0,C
2010,5,23,14.5,C
2010,5,24,0.0,C
2010,5,25,0.0,C
2010,5,26,0.0,C
2010,5,27,1.0,C
2010,5,28,0.0,C
2010,5,29,16.0,C
2010,5,30,163.5,C
2010,5,31,0.0,C
2010,6,1,3.0,C
2010,6,2,29.0,C
2010,6,3,0.5,C
2010,6,4,0.0,C
2010,6,5,0.0,C
2010,6,6,0.0,C
2010,6,7,0.0,C
2010,6,8,0.0,C
2010,6,9,7.0,#
2010,6,10,84.0,C
2010,6,11,0.5,C
2010,6,12,0.5,C
2010,6,13,9.0,C
2010,6,14,9.5,C
2010,6,15,4.0,C
2010,6,16,14.0,#
2010,6,17,0.0,C
2010,6,18,0.0,C
2010,6,19,0.0,C
2010,6,20,0.0,C
2010,6,21,0.0,C
2010,6,22,0.0,C
2010,6,23,35.5,C
2010,6,24,32.5,C
2010,6,25,4.0,C
2010,6,26,75.5,#
2010,6,27,79.0,C
2010,6,28,118.0,C
2010,6,29,0.0,C
2010,6,30,0.0,C
2010,7,1,0.0,C
2010,7,2,0.5,C
2010,7,3,0.5,C
2010,7,4,0.5,C
2010,7,5,0.5,C
2010,7,6,1.5,C
2010,7,7,1.0,C
2010,7,8,0.0,C
2010,7,9,0.0,C
2010,7,10,7.0,C
2010,7,11,3.5,C
2010,7,12,0.0,C
2010,7,13,0.0,C
2010,7,14,0.0,C
2010,7,15,9.0,C
2010,7,16,15.5,C
2010,7,17,63.5,C
2010,7,18,2.5,C
2010,7,19,0.0,C
2010,7,20,0.0,C
2010,7,21,28.5,C
2010,7,22,60.5,C
2010,7,23,9.5,C
2010,7,24,1.5,C
2010,7,25,1.5,C
2010,7,26,0.0,C
2010,7,27,38.5,C
2010,7,28,137.0,C
2010,7,29,6.5,C
2010,7,30,4.0,C
2010,7,31,0.0,C
2010,8,1,0.0,C
2010,8,2,0.0,C
2010,8,3,0.0,C
2010,8,4,0.5,C
2010,8,5,0.0,#
2010,8,6,***,
2010,8,7,***,
2010,8,8,***,
2010,8,9,***,
2010,8,10,***,
2010,8,11,***,
2010,8,12,***,
2010,8,13,***,
2010,8,14,***,
2010,8,15,***,
2010,8,16,***,
2010,8,17,***,
2010,8,18,***,
2010,8,19,***,
2010,8,20,***,
2010,8,21,***,
2010,8,22,***,
2010,8,23,***,
2010,8,24,***,
2010,8,25,***,
2010,8,26,0.0,C
2010,8,27,1.5,C
2010,8,28,0.0,C
2010,8,29,0.5,C
2010,8,30,0.5,C
2010,8,31,0.0,C
2010,9,1,0.0,C
2010,9,2,1.0,C
2010,9,3,31.5,C
2010,9,4,2.0,C
2010,9,5,0.0,C
2010,9,6,0.0,C
2010,9,7,0.0,C
2010,9,8,28.0,C
2010,9,9,9.0,C
2010,9,10,30.5,C
2010,9,11,89.0,C
2010,9,12,62.5,C
2010,9,13,0.0,C
2010,9,14,1.5,C
2010,9,15,0.0,C
2010,9,16,0.0,C
2010,9,17,0.0,C
2010,9,18,0.0,C
2010,9,19,0.0,C
2010,9,20,46.5,C
2010,9,21,101.5,C
2010,9,22,0.5,C
2010,9,23,0.0,C
2010,9,24,0.0,C
2010,9,25,0.0,C
2010,9,26,0.0,C
2010,9,27,1.0,C
2010,9,28,0.0,C
2010,9,29,0.0,C
2010,9,30,0.5,C
2010,10,1,0.0,C
2010,10,2,0.0,C
2010,10,3,0.0,C
2010,10,4,0.0,C
2010,10,5,0.5,C
2010,10,6,1.5,C
2010,10,7,0.5,C
2010,10,8,0.0,C
2010,10,9,0.5,C
2010,10,10,1.5,C
2010,10,11,2.0,C
2010,10,12,0.0,C
2010,10,13,0.0,C
2010,10,14,0.0,C
2010,10,15,4.0,C
2010,10,16,0.0,C
2010,10,17,0.0,C
2010,10,18,0.0,C
2010,10,19,0.0,C
2010,10,20,0.0,C
2010,10,21,0.5,C
2010,10,22,1.0,C
2010,10,23,0.0,C
2010,10,24,0.0,C
2010,10,25,0.0,C
2010,10,26,0.0,C
2010,10,27,0.0,C
2010,10,28,0.0,C
2010,10,29,0.0,C
2010,10,30,0.0,C
2010,10,31,0.0,C
2010,11,1,0.0,C
2010,11,2,0.0,C
2010,11,3,0.0,C
2010,11,4,4.0,C
2010,11,5,22.5,C
2010,11,6,15.5,C
2010,11,7,0.0,C
2010,11,8,0.0,C
2010,11,9,0.0,C
2010,11,10,0.0,C
2010,11,11,0.0,C
2010,11,12,0.5,C
2010,11,13,0.0,C
2010,11,14,0.0,C
2010,11,15,0.0,C
2010,11,16,0.0,C
2010,11,17,0.0,C
2010,11,18,0.0,C
2010,11,19,0.0,C
2010,11,20,0.0,C
2010,11,21,0.0,C
2010,11,22,0.0,C
2010,11,23,0.0,C
2010,11,24,0.0,C
2010,11,25,0.0,C
2010,11,26,0.0,C
2010,11,27,0.0,C
2010,11,28,0.0,C
2010,11,29,0.0,C
2010,11,30,0.5,C
2010,12,1,0.0,C
2010,12,2,0.5,C
2010,12,3,0.0,C
2010,12,4,0.0,C
2010,12,5,0.0,C
2010,12,6,0.0,C
2010,12,7,0.0,C
2010,12,8,0.0,C
2010,12,9,0.0,C
2010,12,10,0.0,C
2010,12,11,0.0,C
2010,12,12,0.0,C
2010,12,13,0.0,C
2010,12,14,0.0,C
2010,12,15,9.0,C
2010,12,16,3.5,C
2010,12,17,0.0,C
2010,12,18,0.0,C
2010,12,19,0.0,C
2010,12,20,0.0,C
2010,12,21,0.5,C
2010,12,22,0.0,C
2010,12,23,0.0,C
2010,12,24,0.0,C
2010,12,25,0.5,C
2010,12,26,0.0,C
2010,12,27,0.0,C
2010,12,28,0.0,C
2010,12,29,0.0,C
2010,12,30,0.0,C
2010,12,31,0.0,C
2011,1,1,0.0,C
2011,1,2,0.0,C
2011,1,3,0.0,C
2011,1,4,1.5,C
2011,1,5,0.0,C
2011,1,6,0.0,C
2011,1,7,0.0,C
2011,1,8,0.0,C
2011,1,9,0.0,C
2011,1,10,0.0,C
2011,1,11,0.0,C
2011,1,12,3.0,C
2011,1,13,0.0,C
2011,1,14,0.0,C
2011,1,15,0.0,C
2011,1,16,0.0,C
2011,1,17,0.0,C
2011,1,18,0.0,C
2011,1,19,0.0,C
2011,1,20,0.0,C
2011,1,21,0.0,C
2011,1,22,0.0,C
2011,1,23,0.0,C
2011,1,24,0.0,C
2011,1,25,0.0,C
2011,1,26,0.0,C
2011,1,27,0.0,C
2011,1,28,0.0,C
2011,1,29,0.0,C
2011,1,30,0.0,C
2011,1,31,0.0,C
2011,2,1,0.0,C
2011,2,2,0.0,C
2011,2,3,0.0,C
2011,2,4,0.0,C
2011,2,5,0.0,C
2011,2,6,0.0,C
2011,2,7,0.0,C
2011,2,8,0.0,C
2011,2,9,0.0,C
2011,2,10,0.0,C
2011,2,11,0.0,C
2011,2,12,0.0,C
2011,2,13,13.5,C
2011,2,14,1.0,C
2011,2,15,3.5,C
2011,2,16,0.0,C
2011,2,17,0.5,C
2011,2,18,0.0,C
2011,2,19,2.0,C
2011,2,20,0.0,C
2011,2,21,0.0,C
2011,2,22,0.0,C
2011,2,23,0.0,C
2011,2,24,0.0,C
2011,2,25,0.0,C
2011,2,26,0.0,C
2011,2,27,0.5,C
2011,2,28,0.5,C
2011,3,1,1.0,C
2011,3,2,0.0,C
2011,3,3,0.0,C
2011,3,4,0.0,C
2011,3,5,0.0,C
2011,3,6,4.0,C
2011,3,7,0.5,C
2011,3,8,2.0,C
2011,3,9,1.5,C
2011,3,10,0.0,C
2011,3,11,0.0,C
2011,3,12,0.0,C
2011,3,13,0.0,C
2011,3,14,0.0,C
2011,3,15,0.0,C
2011,3,16,0.0,C
2011,3,17,1.0,C
2011,3,18,3.0,C
2011,3,19,11.5,C
2011,3,20,0.5,C
2011,3,21,0.5,C
2011,3,22,0.0,C
2011,3,23,0.0,C
2011,3,24,0.0,C
2011,3,25,0.0,C
2011,3,26,0.0,C
2011,3,27,0.5,C
2011,3,28,0.0,C
2011,3,29,0.0,C
2011,3,30,0.0,#
2011,3,31,0.0,C
2011,4,1,0.0,C
2011,4,2,0.0,C
2011,4,3,0.0,C
2011,4,4,0.0,C
2011,4,5,0.0,C
2011,4,6,0.5,C
2011,4,7,0.5,C
2011,4,8,0.0,C
2011,4,9,0.0,C
2011,4,10,0.5,C
2011,4,11,0.0,C
2011,4,12,0.0,C
2011,4,13,0.0,C
2011,4,14,0.5,C
2011,4,15,0.0,C
2011,4,16,0.0,C
2011,4,17,33.5,C
2011,4,18,0.0,C
2011,4,19,0.0,C
2011,4,20,0.0,C
2011,4,21,0.0,C
2011,4,22,7.0,C
2011,4,23,2.5,C
2011,4,24,0.0,C
2011,4,25,0.0,C
2011,4,26,0.0,C
2011,4,27,0.0,C
2011,4,28,0.5,C
2011,4,29,5.0,C
2011,4,30,0.0,C
2011,5,1,0.0,C
2011,5,2,0.0,C
2011,5,3,0.0,C
2011,5,4,0.5,C
2011,5,5,0.0,C
2011,5,6,0.0,C
2011,5,7,0.0,C
2011,5,8,0.0,C
2011,5,9,0.0,#
2011,5,10,0.0,C
2011,5,11,0.0,#
2011,5,12,0.0,#
2011,5,13,38.5,C
2011,5,14,15.5,C
2011,5,15,9.0,C
2011,5,16,9.5,C
2011,5,17,0.5,C
2011,5,18,0.0,C
2011,5,19,0.0,C
2011,5,20,0.0,C
2011,5,21,9.0,#
2011,5,22,5.0,#
2011,5,23,4.5,C
2011,5,24,0.0,C
2011,5,25,0.5,C
2011,5,26,0.0,C
2011,5,27,0.0,C
2011,5,28,0.0,C
2011,5,29,0.0,C
2011,5,30,0.0,C
2011,5,31,0.0,C
2011,6,1,0.0,C
2011,6,2,0.0,C
2011,6,3,0.0,#
2011,6,4,0.0,C
2011,6,5,0.0,C
2011,6,6,0.0,C
2011,6,7,***,
2011,6,8,***,
2011,6,9,***,
2011,6,10,***,
2011,6,11,***,
2011,6,12,***,
2011,6,13,***,
2011,6,14,***,
2011,6,15,***,
2011,6,16,***,
2011,6,17,***,
2011,6,18,***,
2011,6,19,0.0,C
2011,6,20,0.0,C
2011,6,21,3.5,C
2011,6,22,29.0,C
2011,6,23,0.0,C
2011,6,24,0.0,C
2011,6,25,0.0,C
2011,6,26,4.0,C
2011,6,27,0.0,C
2011,6,28,23.0,C
2011,6,29,59.5,C
2011,6,30,21.0,C
2011,7,1,14.0,C
2011,7,2,0.0,C
2011,7,3,0.0,C
2011,7,4,0.0,C
2011,7,5,0.0,C
2011,7,6,0.0,C
2011,7,7,0.0,C
2011,7,8,0.0,C
2011,7,9,0.0,C
2011,7,10,0.0,C
2011,7,11,0.0,C
2011,7,12,6.5,C
2011,7,13,5.0,C
2011,7,14,20.0,C
2011,7,15,88.5,C
2011,7,16,42.5,C
2011,7,17,0.5,C
2011,7,18,6.0,C
2011,7,19,22.5,C
2011,7,20,13.0,C
2011,7,21,0.0,C
2011,7,22,0.0,C
2011,7,23,0.0,C
2011,7,24,0.0,C
2011,7,25,0.0,C
2011,7,26,0.0,C
2011,7,27,0.0,C
2011,7,28,0.0,C
2011,7,29,8.0,C
2011,7,30,0.0,C
2011,7,31,0.0,C
2011,8,1,0.0,C
2011,8,2,0.5,C
2011,8,3,0.0,C
2011,8,4,0.0,C
2011,8,5,0.0,C
2011,8,6,0.0,C
2011,8,7,0.0,C
2011,8,8,0.0,C
2011,8,9,8.0,C
2011,8,10,47.0,C
2011,8,11,12.5,C
2011,8,12,0.0,C
2011,8,13,0.0,C
2011,8,14,0.0,C
2011,8,15,0.0,C
2011,8,16,0.0,C
2011,8,17,0.5,C
2011,8,18,0.0,C
2011,8,19,0.5,C
2011,8,20,1.0,C
2011,8,21,0.0,C
2011,8,22,3.0,C
2011,8,23,0.0,C
2011,8,24,1.0,C
2011,8,25,0.0,C
2011,8,26,1.0,C
2011,8,27,1.5,C
2011,8,28,3.5,C
2011,8,29,0.5,C
2011,8,30,1.5,C
2011,8,31,0.0,C
2011,9,1,0.5,C
2011,9,2,0.5,C
2011,9,3,26.5,C
2011,9,4,52.5,C
2011,9,5,0.0,#
2011,9,6,0.5,C
2011,9,7,26.0,C
2011,9,8,0.0,C
2011,9,9,0.0,C
2011,9,10,0.0,C
2011,9,11,1.0,C
2011,9,12,0.0,C
2011,9,13,0.0,C
2011,9,14,0.0,C
2011,9,15,17.5,C
2011,9,16,2.0,C
2011,9,17,0.0,C
2011,9,18,0.0,C
2011,9,19,2.0,C
2011,9,20,0.0,C
2011,9,21,0.0,C
2011,9,22,0.0,C
2011,9,23,0.0,C
2011,9,24,0.0,C
2011,9,25,6.0,C
2011,9,26,0.0,C
2011,9,27,0.5,C
2011,9,28,1.5,C
2011,9,29,6.5,C
2011,9,30,3.0,C
2011,10,1,1.0,C
2011,10,2,2.5,C
2011,10,3,1.5,C
2011,10,4,0.0,C
2011,10,5,1.0,C
2011,10,6,0.5,C
2011,10,7,0.0,C
2011,10,8,0.0,C
2011,10,9,0.0,C
2011,10,10,2.5,C
2011,10,11,1.5,C
2011,10,12,32.0,C
2011,10,13,7.0,C
2011,10,14,3.5,C
2011,10,15,0.5,C
2011,10,16,0.0,C
2011,10,17,1.0,C
2011,10,18,0.0,C
2011,10,19,0.0,C
2011,10,20,0.0,C
2011,10,21,0.0,C
2011,10,22,0.0,C
2011,10,23,0.0,C
2011,10,24,0.0,C
2011,10,25,1.5,C
2011,10,26,0.0,C
2011,10,27,0.5,C
2011,10,28,0.0,C
2011,10,29,0.0,C
2011,10,30,0.0,C
2011,10,31,0.0,C
2011,11,1,0.0,C
2011,11,2,0.0,C
2011,11,3,0.0,C
2011,11,4,0.0,C
2011,11,5,0.0,C
2011,11,6,0.0,C
2011,11,7,0.5,C
2011,11,8,16.5,C
2011,11,9,41.5,C
2011,11,10,0.5,C
2011,11,11,0.0,C
2011,11,12,0.0,C
2011,11,13,0.0,C
2011,11,14,0.0,C
2011,11,15,0.0,C
2011,11,16,0.0,C
2011,11,17,13.0,C
2011,11,18,19.0,#
2011,11,19,1.0,C
2011,11,20,0.0,C
2011,11,21,0.0,C
2011,11,22,0.0,C
2011,11,23,0.0,C
2011,11,24,0.0,C
2011,11,25,0.0,C
2011,11,26,0.0,C
2011,11,27,0.0,C
2011,11,28,0.0,C
2011,11,29,0.0,C
2011,11,30,0.0,C
2011,12,1,0.0,C
2011,12,2,0.0,#
2011,12,3,0.0,C
2011,12,4,0.0,C
2011,12,5,0.0,C
2011,12,6,0.5,C
2011,12,7,0.0,C
2011,12,8,0.5,C
2011,12,9,0.0,C
2011,12,10,0.0,C
2011,12,11,0.0,C
2011,12,12,0.0,#
2011,12,13,0.0,C
2011,12,14,0.0,C
2011,12,15,0.0,C
2011,12,16,0.0,C
2011,12,17,0.0,C
2011,12,18,0.0,C
2011,12,19,0.0,C
2011,12,20,0.0,C
2011,12,21,0.0,C
2011,12,22,0.0,C
2011,12,23,0.0,C
2011,12,24,0.0,C
2011,12,25,0.0,C
2011,12,26,0.0,C
2011,12,27,0.0,C
2011,12,28,0.0,C
2011,12,29,0.0,C
2011,12,30,0.0,C
2011,12,31,0.5,C
2012,1,1,0.0,C
2012,1,2,0.0,C
2012,1,3,0.0,C
2012,1,4,0.0,C
2012,1,5,0.5,C
2012,1,6,0.5,C
2012,1,7,0.0,C
2012,1,8,0.0,C
2012,1,9,0.0,C
2012,1,10,0.0,C
2012,1,11,0.0,C
2012,1,12,1.0,C
2012,1,13,2.5,C
2012,1,14,0.0,C
2012,1,15,17.0,C
2012,1,16,10.0,C
2012,1,17,0.0,C
2012,1,18,0.0,C
2012,1,19,0.0,C
2012,1,20,0.0,C
2012,1,21,0.0,C
2012,1,22,0.0,C
2012,1,23,0.5,C
2012,1,24,2.0,C
2012,1,25,5.0,C
2012,1,26,0.0,C
2012,1,27,0.0,C
2012,1,28,0.0,C
2012,1,29,0.0,C
2012,1,30,0.0,C
2012,1,31,0.0,C
2012,2,1,0.0,C
2012,2,2,0.0,C
2012,2,3,0.0,C
2012,2,4,0.0,C
2012,2,5,0.0,C
2012,2,6,4.0,C
2012,2,7,1.5,C
2012,2,8,1.0,C
2012,2,9,0.0,C
2012,2,10,0.0,C
2012,2,11,0.0,C
2012,2,12,0.0,C
2012,2,13,0.0,C
2012,2,14,3.0,C
2012,2,15,1.5,C
2012,2,16,0.5,C
2012,2,17,0.0,C
2012,2,18,0.0,C
2012,2,19,0.0,C
2012,2,20,0.0,C
2012,2,21,3.5,C
2012,2,22,4.0,C
2012,2,23,8.5,C
2012,2,24,3.5,C
2012,2,25,1.5,C
2012,2,26,0.0,C
2012,2,27,0.0,C
2012,2,28,23.5,C
2012,2,29,1.0,C
2012,3,1,1.0,C
2012,3,2,0.0,C
2012,3,3,0.5,C
2012,3,4,2.0,C
2012,3,5,0.0,C
2012,3,6,0.5,C
2012,3,7,1.0,C
2012,3,8,4.0,C
2012,3,9,0.0,#
2012,3,10,0.0,#
2012,3,11,4.0,#
2012,3,12,2.5,#
2012,3,13,1.0,C
2012,3,14,0.0,C
2012,3,15,0.5,C
2012,3,16,1.0,C
2012,3,17,0.5,C
2012,3,18,0.0,C
2012,3,19,0.0,C
2012,3,20,0.0,C
2012,3,21,0.0,C
2012,3,22,0.0,C
2012,3,23,1.0,C
2012,3,24,1.0,C
2012,3,25,0.0,C
2012,3,26,0.0,C
2012,3,27,0.0,C
2012,3,28,0.0,C
2012,3,29,0.0,C
2012,3,30,0.0,C
2012,3,31,0.0,C
2012,4,1,0.0,C
2012,4,2,0.0,C
2012,4,3,0.0,C
2012,4,4,0.0,C
2012,4,5,38.5,C
2012,4,6,11.0,C
2012,4,7,0.0,C
2012,4,8,4.0,C
2012,4,9,54.0,C
2012,4,10,0.0,C
2012,4,11,0.0,C
2012,4,12,0.5,C
2012,4,13,4.5,C
2012,4,14,0.0,C
2012,4,15,0.5,C
2012,4,16,2.0,C
2012,4,17,15.5,C
2012,4,18,0.0,C
2012,4,19,16.5,C
2012,4,20,51.5,C
2012,4,21,0.0,C
2012,4,22,0.0,C
2012,4,23,2.0,C
2012,4,24,0.0,C
2012,4,25,0.0,C
2012,4,26,1.0,C
2012,4,27,27.5,C
2012,4,28,26.0,C
2012,4,29,73.0,C
2012,4,30,0.5,C
2012,5,1,6.5,C
2012,5,2,0.0,C
2012,5,3,0.5,C
2012,5,4,23.5,C
2012,5,5,0.5,C
2012,5,6,0.0,C
2012,5,7,0.0,C
2012,5,8,0.0,#
2012,5,9,0.0,#
2012,5,10,20.0,C
2012,5,11,3.0,C
2012,5,12,2.5,C
2012,5,13,6.0,C
2012,5,14,6.5,C
2012,5,15,0.0,C
2012,5,16,14.5,C
2012,5,17,16.0,C
2012,5,18,112.0,C
2012,5,19,11.0,C
2012,5,20,7.5,C
2012,5,21,0.0,C
2012,5,22,0.0,C
2012,5,23,0.0,C
2012,5,24,0.0,C
2012,5,25,0.0,C
2012,5,26,21.0,C
2012,5,27,0.5,C
2012,5,28,47.0,C
2012,5,29,0.5,C
2012,5,30,0.0,C
2012,5,31,0.0,C
2012,6,1,0.0,C
2012,6,2,15.0,C
2012,6,3,0.0,C
2012,6,4,0.0,C
2012,6,5,0.0,C
2012,6,6,0.0,C
2012,6,7,0.0,C
2012,6,8,3.0,C
2012,6,9,5.0,C
2012,6,10,27.5,C
2012,6,11,3.0,C
2012,6,12,4.0,C
2012,6,13,36.5,C
2012,6,14,0.0,C
2012,6,15,0.0,C
2012,6,16,66.0,C
2012,6,17,23.0,C
2012,6,18,10.5,C
2012,6,19,2.0,C
2012,6,20,0.0,C
2012,6,21,7.0,C
2012,6,22,21.5,C
2012,6,23,0.5,C
2012,6,24,0.0,C
2012,6,25,5.0,C
2012,6,26,0.0,C
2012,6,27,0.5,C
2012,6,28,0.0,C
2012,6,29,0.0,C
2012,6,30,18.5,C
2012,7,1,1.5,C
2012,7,2,0.0,C
2012,7,3,0.0,C
2012,7,4,0.0,C
2012,7,5,18.5,C
2012,7,6,0.5,C
2012,7,7,2.0,C
2012,7,8,0.5,C
2012,7,9,0.0,C
2012,7,10,0.0,C
2012,7,11,0.0,C
2012,7,12,0.0,C
2012,7,13,4.5,C
2012,7,14,9.0,C
2012,7,15,0.0,C
2012,7,16,0.5,C
2012,7,17,1.5,C
2012,7,18,28.0,C
2012,7,19,0.0,C
2012,7,20,0.0,C
2012,7,21,18.5,C
2012,7,22,3.5,C
2012,7,23,55.5,C
2012,7,24,32.5,C
2012,7,25,35.5,C
2012,7,26,148.0,C
2012,7,27,10.0,C
2012,7,28,1.0,C
2012,7,29,0.0,C
2012,7,30,0.0,C
2012,7,31,8.5,C
2012,8,1,0.0,C
2012,8,2,0.0,C
2012,8,3,0.0,C
2012,8,4,0.5,C
2012,8,5,6.0,C
2012,8,6,4.5,C
2012,8,7,0.0,C
2012,8,8,0.0,C
2012,8,9,0.0,C
2012,8,10,2.0,C
2012,8,11,33.5,C
2012,8,12,7.0,C
2012,8,13,2.5,C
2012,8,14,0.0,C
2012,8,15,2.0,C
2012,8,16,2.5,C
2012,8,17,6.5,C
2012,8,18,0.5,C
2012,8,19,0.0,C
2012,8,20,0.0,C
2012,8,21,1.5,C
2012,8,22,18.5,C
2012,8,23,0.0,C
2012,8,24,0.0,C
2012,8,25,0.0,C
2012,8,26,0.0,C
2012,8,27,0.0,C
2012,8,28,0.5,C
2012,8,29,0.5,C
2012,8,30,0.0,C
2012,8,31,2.5,C
2012,9,1,11.5,C
2012,9,2,7.0,C
2012,9,3,0.0,C
2012,9,4,4.5,C
2012,9,5,0.0,C
2012,9,6,0.0,C
2012,9,7,0.5,C
2012,9,8,0.0,C
2012,9,9,0.0,C
2012,9,10,0.0,C
2012,9,11,0.0,C
2012,9,12,0.0,C
2012,9,13,0.0,C
2012,9,14,0.0,C
2012,9,15,0.0,C
2012,9,16,0.0,C
2012,9,17,0.0,C
2012,9,18,0.0,C
2012,9,19,0.0,C
2012,9,20,0.0,C
2012,9,21,0.5,C
2012,9,22,0.5,C
2012,9,23,0.0,C
2012,9,24,92.5,C
2012,9,25,3.0,C
2012,9,26,0.0,#
2012,9,27,0.0,C
2012,9,28,0.0,C
2012,9,29,0.0,C
2012,9,30,0.0,C
2012,10,1,0.0,C
2012,10,2,0.0,C
2012,10,3,0.0,C
2012,10,4,0.0,C
2012,10,5,0.0,C
2012,10,6,0.0,C
2012,10,7,0.0,C
2012,10,8,0.0,C
2012,10,9,0.5,C
2012,10,10,0.0,C
2012,10,11,0.0,C
2012,10,12,0.0,C
2012,10,13,0.0,C
2012,10,14,0.5,C
2012,10,15,0.0,C
2012,10,16,0.0,C
2012,10,17,0.0,C
2012,10,18,0.0,C
2012,10,19,0.0,C
2012,10,20,0.0,C
2012,10,21,0.0,C
2012,10,22,0.5,C
2012,10,23,0.0,C
2012,10,24,0.0,C
2012,10,25,0.0,C
2012,10,26,2.0,C
2012,10,27,0.0,C
2012,10,28,0.0,C
2012,10,29,0.0,C
2012,10,30,21.5,C
2012,10,31,9.5,C
2012,11,1,0.0,C
2012,11,2,0.0,C
2012,11,3,0.0,C
2012,11,4,0.0,C
2012,11,5,0.0,C
2012,11,6,0.0,C
2012,11,7,0.0,C
2012,11,8,1.5,C
2012,11,9,0.5,C
2012,11,10,0.5,C
2012,11,11,0.0,C
2012,11,12,0.0,C
2012,11,13,0.0,C
2012,11,14,0.0,C
2012,11,15,0.0,C
2012,11,16,0.5,C
2012,11,17,3.0,C
2012,11,18,0.5,C
2012,11,19,0.0,C
2012,11,20,0.0,C
2012,11,21,6.0,#
2012,11,22,0.5,#
2012,11,23,25.5,C
2012,11,24,0.0,C
2012,11,25,9.0,C
2012,11,26,1.5,C
2012,11,27,1.0,#
2012,11,28,1.5,C
2012,11,29,6.0,C
2012,11,30,5.5,C
2012,12,1,0.5,C
2012,12,2,1.0,#
2012,12,3,0.5,#
2012,12,4,8.5,#
2012,12,5,8.5,C
2012,12,6,0.0,C
2012,12,7,0.0,C
2012,12,8,0.5,C
2012,12,9,0.0,C
2012,12,10,0.0,C
2012,12,11,0.0,C
2012,12,12,0.0,C
2012,12,13,0.0,C
2012,12,14,0.0,C
2012,12,15,0.0,C
2012,12,16,0.5,C
2012,12,17,0.0,C
2012,12,18,0.5,C
2012,12,19,0.0,C
2012,12,20,0.0,C
2012,12,21,0.0,C
2012,12,22,0.0,C
2012,12,23,0.0,C
2012,12,24,0.0,C
2012,12,25,0.0,C
2012,12,26,0.0,C
2012,12,27,0.0,C
2012,12,28,0.0,C
2012,12,29,10.0,C
2012,12,30,1.0,C
2012,12,31,0.0,C
2013,1,1,0.0,C
2013,1,2,0.0,C
2013,1,3,0.0,C
2013,1,4,0.0,C
2013,1,5,0.0,C
2013,1,6,0.0,C
2013,1,7,0.0,C
2013,1,8,0.0,C
2013,1,9,0.0,C
2013,1,10,0.0,C
2013,1,11,0.0,C
2013,1,12,0.5,C
2013,1,13,0.0,C
2013,1,14,1.0,C
2013,1,15,0.0,C
2013,1,16,0.0,C
2013,1,17,0.0,C
2013,1,18,0.0,C
2013,1,19,0.0,C
2013,1,20,0.0,C
2013,1,21,0.0,C
2013,1,22,0.0,C
2013,1,23,0.0,C
2013,1,24,0.0,C
2013,1,25,0.0,C
2013,1,26,7.0,C
2013,1,27,0.0,C
2013,1,28,0.0,C
2013,1,29,0.0,C
2013,1,30,0.5,C
2013,1,31,0.0,C
2013,2,1,0.0,C
2013,2,2,0.5,C
2013,2,3,0.0,C
2013,2,4,0.0,C
2013,2,5,0.0,C
2013,2,6,0.5,C
2013,2,7,0.5,C
2013,2,8,0.0,C
2013,2,9,0.0,C
2013,2,10,0.0,C
2013,2,11,0.0,C
2013,2,12,0.0,C
2013,2,13,0.0,C
2013,2,14,0.0,C
2013,2,15,0.0,C
2013,2,16,0.0,C
2013,2,17,0.0,C
2013,2,18,0.5,C
2013,2,19,0.0,C
2013,2,20,0.0,C
2013,2,21,0.0,C
2013,2,22,0.0,C
2013,2,23,0.0,C
2013,2,24,0.0,C
2013,2,25,0.0,C
2013,2,26,0.0,C
2013,2,27,0.5,C
2013,2,28,0.5,C
2013,3,1,0.0,C
2013,3,2,1.0,C
2013,3,3,0.0,C
2013,3,4,0.0,C
2013,3,5,0.0,C
2013,3,6,0.0,C
2013,3,7,0.5,C
2013,3,8,0.0,C
2013,3,9,0.0,C
2013,3,10,0.0,C
2013,3,11,0.0,C
2013,3,12,0.5,C
2013,3,13,0.0,C
2013,3,14,0.0,C
2013,3,15,0.0,C
2013,3,16,0.5,C
2013,3,17,0.0,C
2013,3,18,0.5,C
2013,3,19,13.5,C
2013,3,20,0.5,C
2013,3,21,0.0,C
2013,3,22,0.0,C
2013,3,23,0.0,C
2013,3,24,0.5,C
2013,3,25,0.0,#
2013,3,26,25.0,#
2013,3,27,0.5,C
2013,3,28,29.0,#
2013,3,29,0.0,C
2013,3,30,46.5,C
2013,3,31,0.5,C
2013,4,1,0.0,C
2013,4,2,13.5,C
2013,4,3,4.5,#
2013,4,4,2.5,#
2013,4,5,57.5,C
2013,4,6,25.5,C
2013,4,7,0.0,C
2013,4,8,0.0,#
2013,4,9,6.5,#
2013,4,10,6.0,#
2013,4,11,18.0,C
2013,4,12,0.5,#
2013,4,13,0.0,C
2013,4,14,0.0,C
2013,4,15,0.0,C
2013,4,16,1.0,C
2013,4,17,11.5,C
2013,4,18,3.5,C
2013,4,19,14.0,C
2013,4,20,4.0,C
2013,4,21,0.5,C
2013,4,22,1.0,C
2013,4,23,0.0,C
2013,4,24,0.0,C
2013,4,25,11.0,C
2013,4,26,2.5,C
2013,4,27,0.0,#
2013,4,28,0.0,C
2013,4,29,6.5,C
2013,4,30,36.5,C
2013,5,1,0.5,C
2013,5,2,2.0,C
2013,5,3,47.0,C
2013,5,4,0.0,C
2013,5,5,0.0,C
2013,5,6,0.0,C
2013,5,7,0.0,#
2013,5,8,11.0,#
2013,5,9,21.5,C
2013,5,10,10.0,C
2013,5,11,0.5,C
2013,5,12,0.5,C
2013,5,13,0.0,C
2013,5,14,3.0,#
2013,5,15,7.5,#
2013,5,16,11.5,C
2013,5,17,9.0,C
2013,5,18,28.0,C
2013,5,19,0.5,C
2013,5,20,22.5,#
2013,5,21,14.0,#
2013,5,22,189.5,C
2013,5,23,0.0,C
2013,5,24,0.0,C
2013,5,25,42.5,C
2013,5,26,6.0,C
2013,5,27,0.0,#
2013,5,28,0.0,C
2013,5,29,0.0,C
2013,5,30,0.5,C
2013,5,31,0.0,C
2013,6,1,0.0,C
2013,6,2,0.0,C
2013,6,3,0.0,C
2013,6,4,10.5,C
2013,6,5,1.0,C
2013,6,6,4.0,C
2013,6,7,0.0,C
2013,6,8,7.5,C
2013,6,9,31.5,C
2013,6,10,4.0,C
2013,6,11,92.0,C
2013,6,12,0.5,C
2013,6,13,2.5,C
2013,6,14,23.0,C
2013,6,15,77.5,C
2013,6,16,2.5,C
2013,6,17,0.5,C
2013,6,18,0.0,C
2013,6,19,0.0,C
2013,6,20,0.0,C
2013,6,21,2.0,C
2013,6,22,28.5,C
2013,6,23,7.0,C
2013,6,24,119.0,C
2013,6,25,3.5,C
2013,6,26,0.0,C
2013,6,27,0.0,#
2013,6,28,3.5,#
2013,6,29,0.0,C
2013,6,30,0.0,C
2013,7,1,15.5,C
2013,7,2,0.0,#
2013,7,3,0.0,C
2013,7,4,0.0,C
2013,7,5,0.0,C
2013,7,6,1.5,C
2013,7,7,9.5,C
2013,7,8,0.0,C
2013,7,9,0.0,C
2013,7,10,1.0,C
2013,7,11,0.0,C
2013,7,12,3.0,C
2013,7,13,0.0,C
2013,7,14,0.5,#
2013,7,15,***,
2013,7,16,***,
2013,7,17,33.0,#
2013,7,18,0.5,C
2013,7,19,2.5,C
2013,7,20,16.0,C
2013,7,21,0.0,C
2013,7,22,1.0,C
2013,7,23,11.0,C
2013,7,24,12.5,C
2013,7,25,40.0,C
2013,7,26,25.0,C
2013,7,27,0.0,#
2013,7,28,***,
2013,7,29,***,
2013,7,30,0.0,C
2013,7,31,0.0,C
2013,8,1,***,
2013,8,2,***,
2013,8,3,***,
2013,8,4,***,
2013,8,5,0.0,C
2013,8,6,0.0,C
2013,8,7,5.5,C
2013,8,8,3.0,C
2013,8,9,0.0,C
2013,8,10,0.0,C
2013,8,11,0.0,C
2013,8,12,0.0,C
2013,8,13,20.5,C
2013,8,14,33.5,C
2013,8,15,6.5,C
2013,8,16,3.5,C
2013,8,17,3.5,C
2013,8,18,2.5,C
2013,8,19,6.0,C
2013,8,20,0.0,C
2013,8,21,0.5,C
2013,8,22,0.5,C
2013,8,23,78.0,C
2013,8,24,54.0,C
2013,8,25,6.5,C
2013,8,26,0.0,C
2013,8,27,0.0,C
2013,8,28,0.0,C
2013,8,29,0.0,C
2013,8,30,109.0,C
2013,8,31,16.0,C
2013,9,1,0.0,C
2013,9,2,0.0,C
2013,9,3,5.0,C
2013,9,4,54.5,C
2013,9,5,69.5,C
2013,9,6,0.5,C
2013,9,7,0.0,C
2013,9,8,0.0,C
2013,9,9,0.0,C
2013,9,10,0.0,C
2013,9,11,0.0,C
2013,9,12,0.0,C
2013,9,13,2.0,C
2013,9,14,0.5,C
2013,9,15,0.0,C
2013,9,16,4.0,C
2013,9,17,0.0,C
2013,9,18,0.0,C
2013,9,19,0.0,C
2013,9,20,0.5,C
2013,9,21,0.0,C
2013,9,22,53.5,C
2013,9,23,28.5,C
2013,9,24,0.0,C
2013,9,25,0.0,C
2013,9,26,0.0,C
2013,9,27,0.0,C
2013,9,28,1.0,C
2013,9,29,2.0,C
2013,9,30,1.5,C
2013,10,1,0.0,C
2013,10,2,0.5,C
2013,10,3,0.0,C
2013,10,4,0.0,C
2013,10,5,0.0,C
2013,10,6,0.5,C
2013,10,7,0.0,C
2013,10,8,0.0,C
2013,10,9,0.0,C
2013,10,10,0.0,C
2013,10,11,0.5,C
2013,10,12,0.0,C
2013,10,13,0.0,C
2013,10,14,0.0,C
2013,10,15,0.0,C
2013,10,16,0.0,C
2013,10,17,0.0,C
2013,10,18,0.0,C
2013,10,19,0.0,C
2013,10,20,0.0,C
2013,10,21,0.5,C
2013,10,22,0.0,C
2013,10,23,0.5,C
2013,10,24,0.0,C
2013,10,25,0.0,C
2013,10,26,0.0,C
2013,10,27,0.5,C
2013,10,28,0.0,C
2013,10,29,0.0,C
2013,10,30,0.5,C
2013,10,31,0.5,C
2013,11,1,0.5,C
2013,11,2,0.0,C
2013,11,3,0.5,C
2013,11,4,9.5,C
2013,11,5,7.5,C
2013,11,6,0.0,C
2013,11,7,0.0,C
2013,11,8,0.5,#
2013,11,9,0.0,#
2013,11,10,***,
2013,11,11,0.0,#
2013,11,12,5.0,C
2013,11,13,0.5,C
2013,11,14,1.0,C
2013,11,15,0.0,#
2013,11,16,***,
2013,11,17,***,
2013,11,18,***,
2013,11,19,0.0,#
2013,11,20,0.0,C
2013,11,21,1.0,C
2013,11,22,1.0,C
2013,11,23,0.0,C
2013,11,24,12.0,C
2013,11,25,0.0,C
2013,11,26,0.0,C
2013,11,27,1.0,C
2013,11,28,2.5,C
2013,11,29,0.0,#
2013,11,30,0.0,C
2013,12,1,0.0,C
2013,12,2,0.0,C
2013,12,3,0.0,C
2013,12,4,0.0,C
2013,12,5,0.0,C
2013,12,6,0.0,C
2013,12,7,0.0,C
2013,12,8,0.5,C
2013,12,9,0.0,C
2013,12,10,0.0,C
2013,12,11,0.0,C
2013,12,12,0.0,C
2013,12,13,0.0,C
2013,12,14,4.0,C
2013,12,15,11.5,C
2013,12,16,19.5,C
2013,12,17,22.5,C
2013,12,18,0.0,C
2013,12,19,0.0,C
2013,12,20,0.0,C
2013,12,21,0.0,C
2013,12,22,0.0,C
2013,12,23,0.0,C
2013,12,24,0.0,C
2013,12,25,0.0,C
2013,12,26,0.0,C
2013,12,27,0.0,C
2013,12,28,0.0,C
2013,12,29,0.0,C
2013,12,30,0.0,C
2013,12,31,0.0,C
2014,1,1,0.0,C
2014,1,2,0.0,C
2014,1,3,0.0,C
2014,1,4,0.0,C
2014,1,5,0.0,C
2014,1,6,0.0,C
2014,1,7,0.5,C
2014,1,8,0.5,C
2014,1,9,0.0,C
2014,1,10,0.0,C
2014,1,11,0.0,C
2014,1,12,0.0,C
2014,1,13,0.0,C
2014,1,14,0.0,C
2014,1,15,0.0,C
2014,1,16,0.0,C
2014,1,17,0.5,C
2014,1,18,0.0,C
2014,1,19,0.0,C
2014,1,20,0.0,C
2014,1,21,0.0,C
2014,1,22,0.0,C
2014,1,23,0.0,C
2014,1,24,0.0,C
2014,1,25,0.0,#
2014,1,26,***,
2014,1,27,***,
2014,1,28,0.0,#
2014,1,29,0.0,C
2014,1,30,0.0,C
2014,1,31,0.0,C
2014,2,1,0.5,C
2014,2,2,0.5,C
2014,2,3,0.0,C
2014,2,4,0.5,C
2014,2,5,0.0,C
2014,2,6,0.5,C
2014,2,7,0.0,C
2014,2,8,1.0,C
2014,2,9,9.0,C
2014,2,10,1.0,C
2014,2,11,0.0,C
2014,2,12,1.0,C
2014,2,13,13.0,C
2014,2,14,0.0,C
2014,2,15,0.0,C
2014,2,16,0.0,C
2014,2,17,0.5,C
2014,2,18,0.0,C
2014,2,19,4.5,C
2014,2,20,0.0,C
2014,2,21,0.0,C
2014,2,22,0.0,C
2014,2,23,0.0,C
2014,2,24,0.0,C
2014,2,25,0.5,C
2014,2,26,0.0,C
2014,2,27,0.0,C
2014,2,28,0.0,C
2014,3,1,0.0,C
2014,3,2,0.5,C
2014,3,3,0.0,C
2014,3,4,0.0,C
2014,3,5,0.0,C
2014,3,6,0.5,#
2014,3,7,1.0,C
2014,3,8,1.0,C
2014,3,9,0.5,C
2014,3,10,2.0,C
2014,3,11,1.0,C
2014,3,12,1.0,C
2014,3,13,0.5,C
2014,3,14,1.0,#
2014,3,15,0.0,C
2014,3,16,0.0,C
2014,3,17,0.0,C
2014,3,18,0.0,C
2014,3,19,0.0,C
2014,3,20,0.0,C
2014,3,21,0.5,C
2014,3,22,0.0,C
2014,3,23,0.0,C
2014,3,24,0.0,#
2014,3,25,0.0,C
2014,3,26,0.0,C
2014,3,27,0.0,C
2014,3,28,0.0,C
2014,3,29,13.5,C
2014,3,30,103.0,C
2014,3,31,86.5,C
2014,4,1,5.5,C
2014,4,2,27.5,C
2014,4,3,33.5,C
2014,4,4,0.0,C
2014,4,5,0.0,C
2014,4,6,7.5,C
2014,4,7,0.0,C
2014,4,8,54.0,C
2014,4,9,0.0,C
2014,4,10,0.0,C
2014,4,11,0.0,C
2014,4,12,0.0,C
2014,4,13,0.0,C
2014,4,14,0.0,C
2014,4,15,0.0,C
2014,4,16,0.0,C
2014,4,17,0.0,C
2014,4,18,0.0,C
2014,4,19,0.0,C
2014,4,20,0.0,C
2014,4,21,0.0,C
2014,4,22,0.0,C
2014,4,23,8.0,C
2014,4,24,2.0,C
2014,4,25,0.0,C
2014,4,26,0.0,C
2014,4,27,0.0,C
2014,4,28,0.0,C
2014,4,29,0.0,C
2014,4,30,4.0,C
2014,5,1,2.0,C
2014,5,2,0.0,C
2014,5,3,0.5,C
2014,5,4,6.0,C
2014,5,5,24.5,C
2014,5,6,1.0,C
2014,5,7,3.0,C
2014,5,8,67.0,C
2014,5,9,58.5,C
2014,5,10,7.0,C
2014,5,11,112.0,C
2014,5,12,33.0,C
2014,5,13,217.0,C
2014,5,14,2.5,C
2014,5,15,0.5,C
2014,5,16,31.0,C
2014,5,17,18.0,C
2014,5,18,18.5,C
2014,5,19,3.5,C
2014,5,20,39.0,C
2014,5,21,24.0,C
2014,5,22,0.0,C
2014,5,23,47.0,C
2014,5,24,0.5,C
2014,5,25,0.0,C
2014,5,26,0.0,C
2014,5,27,0.5,C
2014,5,28,0.0,#
2014,5,29,0.0,C
2014,5,30,0.0,C
2014,5,31,0.0,C
2014,6,1,1.0,C
2014,6,2,0.0,C
2014,6,3,0.0,C
2014,6,4,0.0,C
2014,6,5,4.0,C
2014,6,6,18.5,C
2014,6,7,7.5,C
2014,6,8,1.0,C
2014,6,9,0.0,C
2014,6,10,0.5,C
2014,6,11,0.5,C
2014,6,12,0.0,C
2014,6,13,0.0,C
2014,6,14,0.0,C
2014,6,15,9.0,C
2014,6,16,0.5,C
2014,6,17,9.5,C
2014,6,18,7.5,C
2014,6,19,12.0,C
2014,6,20,49.5,C
2014,6,21,7.0,C
2014,6,22,15.0,C
2014,6,23,47.5,C
2014,6,24,16.0,C
2014,6,25,3.0,C
2014,6,26,0.0,C
2014,6,27,0.0,C
2014,6,28,0.0,C
2014,6,29,15.0,C
2014,6,30,19.5,C
2014,7,1,31.5,C
2014,7,2,0.0,C
2014,7,3,0.0,C
2014,7,4,0.0,C
2014,7,5,0.0,C
2014,7,6,0.0,C
2014,7,7,0.0,C
2014,7,8,0.0,C
2014,7,9,0.0,C
2014,7,10,0.0,C
2014,7,11,2.5,#
2014,7,12,***,
2014,7,13,***,
2014,7,14,0.5,#
2014,7,15,0.0,C
2014,7,16,0.0,C
2014,7,17,17.0,C
2014,7,18,18.0,C
2014,7,19,7.0,C
2014,7,20,35.0,C
2014,7,21,0.0,C
2014,7,22,12.0,C
2014,7,23,0.0,C
2014,7,24,0.0,C
2014,7,25,1.0,C
2014,7,26,35.5,#
2014,7,27,***,
2014,7,28,***,
2014,7,29,***,
2014,7,30,0.0,#
2014,7,31,0.0,C
2014,8,1,4.5,C
2014,8,2,0.0,C
2014,8,3,12.0,C
2014,8,4,0.0,C
2014,8,5,0.5,C
2014,8,6,11.5,C
2014,8,7,5.0,C
2014,8,8,0.0,C
2014,8,9,0.0,C
2014,8,10,1.5,C
2014,8,11,6.5,C
2014,8,12,6.5,C
2014,8,13,65.0,C
2014,8,14,0.0,C
2014,8,15,0.0,#
2014,8,16,***,
2014,8,17,***,
2014,8,18,***,
2014,8,19,***,
2014,8,20,21.0,#
2014,8,21,4.0,C
2014,8,22,0.0,C
2014,8,23,1.0,C
2014,8,24,0.0,C
2014,8,25,0.0,C
2014,8,26,0.0,C
2014,8,27,3.0,C
2014,8,28,1.0,C
2014,8,29,0.0,C
2014,8,30,0.0,C
2014,8,31,3.0,C
2014,9,1,0.5,C
2014,9,2,0.0,C
2014,9,3,0.0,C
2014,9,4,0.0,C
2014,9,5,11.5,C
2014,9,6,0.0,C
2014,9,7,1.0,C
2014,9,8,1.5,C
2014,9,9,0.0,C
2014,9,10,0.0,C
2014,9,11,0.0,C
2014,9,12,14.5,C
2014,9,13,5.5,C
2014,9,14,0.0,C
2014,9,15,6.0,C
2014,9,16,16.0,C
2014,9,17,0.5,C
2014,9,18,0.0,C
2014,9,19,0.0,C
2014,9,20,0.0,C
2014,9,21,0.0,#
2014,9,22,0.0,C
2014,9,23,0.0,C
2014,9,24,0.0,C
2014,9,25,0.0,C
2014,9,26,0.0,C
2014,9,27,0.0,C
2014,9,28,0.0,C
2014,9,29,0.0,C
2014,9,30,0.0,C
2014,10,1,46.5,C
2014,10,2,10.5,C
2014,10,3,14.5,C
2014,10,4,3.0,C
2014,10,5,0.5,#
2014,10,6,0.0,#
2014,10,7,0.0,C
2014,10,8,0.0,C
2014,10,9,0.0,C
2014,10,10,0.0,C
2014,10,11,0.0,C
2014,10,12,0.0,C
2014,10,13,0.0,C
2014,10,14,0.0,C
2014,10,15,0.0,C
2014,10,16,0.5,C
2014,10,17,0.0,C
2014,10,18,0.0,C
2014,10,19,0.0,C
2014,10,20,0.0,C
2014,10,21,0.0,C
2014,10,22,72.0,C
2014,10,23,0.0,C
2014,10,24,0.0,C
2014,10,25,0.0,C
2014,10,26,0.0,C
2014,10,27,0.0,C
2014,10,28,0.0,C
2014,10,29,0.0,C
2014,10,30,0.0,C
2014,10,31,0.0,C
2014,11,1,0.0,C
2014,11,2,0.0,C
2014,11,3,0.0,C
2014,11,4,0.0,#
2014,11,5,***,
2014,11,6,0.0,#
2014,11,7,11.0,C
2014,11,8,12.0,C
2014,11,9,0.0,C
2014,11,10,0.0,C
2014,11,11,0.0,C
2014,11,12,0.5,C
2014,11,13,1.0,C
2014,11,14,0.0,C
2014,11,15,0.0,C
2014,11,16,0.0,C
2014,11,17,0.0,C
2014,11,18,0.0,C
2014,11,19,0.0,C
2014,11,20,0.0,C
2014,11,21,0.0,C
2014,11,22,0.0,#
2014,11,23,0.0,C
2014,11,24,0.0,#
2014,11,25,0.0,C
2014,11,26,0.0,#
2014,11,27,6.0,C
2014,11,28,0.0,C
2014,11,29,0.0,C
2014,11,30,0.0,C
2014,12,1,3.5,C
2014,12,2,1.0,C
2014,12,3,4.0,C
2014,12,4,3.5,C
2014,12,5,0.5,C
2014,12,6,0.0,C
2014,12,7,0.0,C
2014,12,8,0.0,C
2014,12,9,0.0,#
2014,12,10,0.0,C
2014,12,11,0.0,C
2014,12,12,0.0,C
2014,12,13,0.0,C
2014,12,14,0.0,C
2014,12,15,0.0,C
2014,12,16,0.0,C
2014,12,17,0.0,C
2014,12,18,0.0,C
2014,12,19,9.5,C
2014,12,20,0.5,C
2014,12,21,0.0,C
2014,12,22,0.0,C
2014,12,23,0.0,C
2014,12,24,0.0,C
2014,12,25,4.0,C
2014,12,26,1.0,C
2014,12,27,0.5,C
2014,12,28,1.5,C
2014,12,29,0.0,C
2014,12,30,0.0,C
2014,12,31,0.5,C
2015,1,1,0.0,C
2015,1,2,0.0,C
2015,1,3,0.0,C
2015,1,4,0.0,C
2015,1,5,0.0,#
2015,1,6,0.0,C
2015,1,7,0.0,C
2015,1,8,0.0,C
2015,1,9,0.0,C
2015,1,10,0.0,C
2015,1,11,0.0,C
2015,1,12,6.5,#
2015,1,13,***,
2015,1,14,0.0,#
2015,1,15,0.0,C
2015,1,16,0.0,C
2015,1,17,0.0,C
2015,1,18,0.0,C
2015,1,19,0.0,C
2015,1,20,0.0,C
2015,1,21,0.0,#
2015,1,22,0.0,#
2015,1,23,0.0,C
2015,1,24,0.0,C
2015,1,25,5.5,C
2015,1,26,0.0,C
2015,1,27,0.0,C
2015,1,28,0.0,C
2015,1,29,0.0,#
2015,1,30,0.0,#
2015,1,31,0.0,C
2015,2,1,0.0,C
2015,2,2,0.0,C
2015,2,3,0.0,C
2015,2,4,0.0,C
2015,2,5,0.0,C
2015,2,6,0.0,C
2015,2,7,0.0,C
2015,2,8,0.0,C
2015,2,9,0.0,C
2015,2,10,0.0,C
2015,2,11,0.0,C
2015,2,12,0.0,C
2015,2,13,0.0,C
2015,2,14,0.0,C
2015,2,15,0.5,C
2015,2,16,0.5,C
2015,2,17,0.0,C
2015,2,18,0.0,C
2015,2,19,0.0,C
2015,2,20,0.0,C
2015,2,21,1.0,C
2015,2,22,8.0,C
2015,2,23,15.5,C
2015,2,24,0.5,C
2015,2,25,0.0,C
2015,2,26,0.0,C
2015,2,27,0.0,C
2015,2,28,0.5,C
2015,3,1,0.0,C
2015,3,2,1.5,C
2015,3,3,0.5,C
2015,3,4,2.0,C
2015,3,5,2.0,C
2015,3,6,0.0,C
2015,3,7,0.5,C
2015,3,8,0.0,C
2015,3,9,0.0,C
2015,3,10,0.0,C
2015,3,11,1.5,C
2015,3,12,4.5,C
2015,3,13,0.0,C
2015,3,14,0.0,C
2015,3,15,0.0,C
2015,3,16,0.5,C
2015,3,17,0.0,C
2015,3,18,0.0,C
2015,3,19,0.0,C
2015,3,20,0.0,C
2015,3,21,0.5,C
2015,3,22,0.0,C
2015,3,23,0.0,C
2015,3,24,0.0,C
2015,3,25,0.0,C
2015,3,26,0.0,C
2015,3,27,5.0,C
2015,3,28,0.0,C
2015,3,29,0.0,C
2015,3,30,0.0,C
2015,3,31,0.0,C
2015,4,1,0.5,C
2015,4,2,0.0,C
2015,4,3,0.0,#
2015,4,4,0.0,C
2015,4,5,0.0,C
2015,4,6,0.0,C
2015,4,7,0.0,C
2015,4,8,3.5,C
2015,4,9,7.0,C
2015,4,10,0.5,C
2015,4,11,24.5,C
2015,4,12,0.5,C
2015,4,13,0.0,C
2015,4,14,0.0,C
2015,4,15,0.0,C
2015,4,16,0.0,C
2015,4,17,0.0,C
2015,4,18,0.0,C
2015,4,19,0.0,C
2015,4,20,1.0,C
2015,4,21,0.0,C
2015,4,22,0.0,C
2015,4,23,0.0,C
2015,4,24,0.0,C
2015,4,25,0.0,C
2015,4,26,0.0,C
2015,4,27,0.0,C
2015,4,28,0.0,C
2015,4,29,0.0,C
2015,4,30,0.0,C
2015,5,1,1.0,C
2015,5,2,0.0,C
2015,5,3,0.0,C
2015,5,4,0.0,C
2015,5,5,0.5,C
2015,5,6,7.0,C
2015,5,7,0.5,C
2015,5,8,0.0,C
2015,5,9,12.0,C
2015,5,10,50.0,C
2015,5,11,85.5,C
2015,5,12,0.5,C
2015,5,13,0.0,C
2015,5,14,0.0,C
2015,5,15,0.0,C
2015,5,16,22.5,C
2015,5,17,7.5,C
2015,5,18,1.5,C
2015,5,19,9.0,C
2015,5,20,191.0,C
2015,5,21,30.0,C
2015,5,22,4.5,C
2015,5,23,105.5,C
2015,5,24,11.5,C
2015,5,25,15.0,C
2015,5,26,84.5,C
2015,5,27,7.0,C
2015,5,28,0.0,C
2015,5,29,0.0,C
2015,5,30,0.5,C
2015,5,31,8.0,C
2015,6,1,7.0,C
2015,6,2,0.0,C
2015,6,3,0.0,C
2015,6,4,0.0,C
2015,6,5,0.0,C
2015,6,6,0.0,C
2015,6,7,0.0,C
2015,6,8,0.0,C
2015,6,9,0.0,C
2015,6,10,0.0,C
2015,6,11,1.5,C
2015,6,12,6.0,C
2015,6,13,0.0,C
2015,6,14,0.0,C
2015,6,15,0.0,C
2015,6,16,0.0,C
2015,6,17,0.0,C
2015,6,18,0.0,C
2015,6,19,0.0,C
2015,6,20,0.0,C
2015,6,21,19.5,C
2015,6,22,3.5,C
2015,6,23,23.0,C
2015,6,24,13.5,C
2015,6,25,23.5,C
2015,6,26,5.5,C
2015,6,27,2.0,C
2015,6,28,3.0,C
2015,6,29,0.0,C
2015,6,30,0.0,C
2015,7,1,0.0,C
2015,7,2,0.0,C
2015,7,3,0.0,C
2015,7,4,0.0,C
2015,7,5,0.0,C
2015,7,6,0.0,C
2015,7,7,0.0,C
2015,7,8,0.0,C
2015,7,9,3.0,C
2015,7,10,17.0,C
2015,7,11,0.0,C
2015,7,12,0.0,C
2015,7,13,0.0,C
2015,7,14,0.0,C
2015,7,15,0.0,C
2015,7,16,0.0,C
2015,7,17,0.0,C
2015,7,18,19.5,C
2015,7,19,0.0,C
2015,7,20,29.0,C
2015,7,21,33.0,C
2015,7,22,77.0,C
2015,7,23,27.5,C
2015,7,24,18.5,C
2015,7,25,16.0,C
2015,7,26,23.5,C
2015,7,27,0.0,C
2015,7,28,0.0,C
2015,7,29,4.5,C
2015,7,30,6.0,C
2015,7,31,0.0,C
2015,8,1,0.0,C
2015,8,2,0.0,C
2015,8,3,0.0,C
2015,8,4,0.0,C
2015,8,5,0.0,C
2015,8,6,0.0,C
2015,8,7,0.0,C
2015,8,8,0.0,C
2015,8,9,10.0,C
2015,8,10,4.0,C
2015,8,11,12.0,C
2015,8,12,0.0,C
2015,8,13,20.0,C
2015,8,14,18.5,C
2015,8,15,47.5,C
2015,8,16,0.5,C
2015,8,17,0.0,C
2015,8,18,0.0,C
2015,8,19,0.0,C
2015,8,20,3.0,C
2015,8,21,0.0,C
2015,8,22,0.0,C
2015,8,23,0.0,C
2015,8,24,0.0,C
2015,8,25,0.0,C
2015,8,26,0.0,C
2015,8,27,0.0,C
2015,8,28,5.5,C
2015,8,29,1.5,C
2015,8,30,4.5,C
2015,8,31,0.0,C
2015,9,1,3.5,C
2015,9,2,54.5,C
2015,9,3,1.0,C
2015,9,4,0.0,C
2015,9,5,0.0,C
2015,9,6,0.0,C
2015,9,7,5.5,C
2015,9,8,0.0,C
2015,9,9,0.0,C
2015,9,10,0.0,C
2015,9,11,1.0,C
2015,9,12,0.0,C
2015,9,13,0.0,C
2015,9,14,0.0,C
2015,9,15,0.0,C
2015,9,16,0.0,C
2015,9,17,0.0,C
2015,9,18,0.0,C
2015,9,19,0.0,C
2015,9,20,0.0,C
2015,9,21,14.0,C
2015,9,22,0.0,C
2015,9,23,0.0,C
2015,9,24,0.0,C
2015,9,25,0.0,C
2015,9,26,5.5,C
2015,9,27,0.0,C
2015,9,28,0.0,C
2015,9,29,0.0,C
2015,9,30,2.5,C
2015,10,1,0.5,C
2015,10,2,2.5,C
2015,10,3,41.0,C
2015,10,4,21.5,C
2015,10,5,46.5,C
2015,10,6,10.5,C
2015,10,7,238.5,C
2015,10,8,0.0,C
2015,10,9,0.0,C
2015,10,10,1.0,C
2015,10,11,1.5,C
2015,10,12,0.0,C
2015,10,13,0.0,C
2015,10,14,0.0,C
2015,10,15,0.0,C
2015,10,16,0.0,C
2015,10,17,0.0,C
2015,10,18,0.0,C
2015,10,19,0.0,C
2015,10,20,0.0,C
2015,10,21,0.0,C
2015,10,22,0.0,C
2015,10,23,0.0,C
2015,10,24,0.0,C
2015,10,25,0.0,C
2015,10,26,0.0,C
2015,10,27,0.0,C
2015,10,28,0.0,C
2015,10,29,0.0,C
2015,10,30,0.0,C
2015,10,31,0.0,C
2015,11,1,0.0,C
2015,11,2,0.0,C
2015,11,3,0.0,C
2015,11,4,0.0,C
2015,11,5,0.0,C
2015,11,6,0.0,C
2015,11,7,0.0,C
2015,11,8,0.0,C
2015,11,9,0.0,C
2015,11,10,1.0,C
2015,11,11,0.5,C
2015,11,12,0.0,C
2015,11,13,1.5,C
2015,11,14,0.0,C
2015,11,15,0.0,C
2015,11,16,2.0,C
2015,11,17,0.0,C
2015,11,18,0.0,C
2015,11,19,0.0,C
2015,11,20,0.0,C
2015,11,21,0.0,C
2015,11,22,0.0,C
2015,11,23,0.0,C
2015,11,24,0.0,C
2015,11,25,0.0,C
2015,11,26,0.0,C
2015,11,27,0.0,C
2015,11,28,0.0,C
2015,11,29,0.0,C
2015,11,30,0.0,C
2015,12,1,0.0,C
2015,12,2,0.0,C
2015,12,3,0.0,C
2015,12,4,0.0,C
2015,12,5,9.0,C
2015,12,6,0.5,C
2015,12,7,0.0,C
2015,12,8,0.0,C
2015,12,9,49.0,C
2015,12,10,0.0,C
2015,12,11,0.0,C
2015,12,12,0.0,C
2015,12,13,0.0,C
2015,12,14,0.0,C
2015,12,15,0.0,C
2015,12,16,0.0,C
2015,12,17,0.0,C
2015,12,18,0.0,C
2015,12,19,0.0,C
2015,12,20,1.5,C
2015,12,21,0.0,C
2015,12,22,0.5,C
2015,12,23,0.0,C
2015,12,24,0.5,C
2015,12,25,0.0,C
2015,12,26,0.0,C
2015,12,27,0.5,C
2015,12,28,0.0,C
2015,12,29,0.5,C
2015,12,30,1.0,C
2015,12,31,0.0,C
2016,1,1,0.0,C
2016,1,2,0.0,C
2016,1,3,9.5,C
2016,1,4,1.0,C
2016,1,5,40.5,C
2016,1,6,0.0,C
2016,1,7,0.0,C
2016,1,8,0.0,C
2016,1,9,0.0,C
2016,1,10,10.5,C
2016,1,11,33.5,C
2016,1,12,0.5,C
2016,1,13,0.0,C
2016,1,14,1.0,C
2016,1,15,36.0,C
2016,1,16,14.0,C
2016,1,17,15.5,C
2016,1,18,0.0,C
2016,1,19,0.0,C
2016,1,20,5.5,C
2016,1,21,1.0,C
2016,1,22,16.0,C
2016,1,23,0.0,C
2016,1,24,4.5,C
2016,1,25,0.0,C
2016,1,26,0.0,C
2016,1,27,4.0,C
2016,1,28,46.0,C
2016,1,29,29.0,C
2016,1,30,0.0,C
2016,1,31,0.0,C
2016,2,1,10.5,C
2016,2,2,0.0,C
2016,2,3,0.0,C
2016,2,4,0.0,C
2016,2,5,0.0,C
2016,2,6,0.0,C
2016,2,7,0.0,C
2016,2,8,0.0,C
2016,2,9,0.0,C
2016,2,10,1.0,C
2016,2,11,0.0,C
2016,2,12,1.5,C
2016,2,13,1.0,C
2016,2,14,0.0,C
2016,2,15,0.0,C
2016,2,16,0.0,C
2016,2,17,1.5,C
2016,2,18,3.0,C
2016,2,19,8.5,C
2016,2,20,3.0,C
2016,2,21,0.0,C
2016,2,22,0.0,C
2016,2,23,0.0,C
2016,2,24,0.0,C
2016,2,25,0.0,C
2016,2,26,0.0,C
2016,2,27,0.0,C
2016,2,28,0.0,C
2016,2,29,0.0,C
2016,3,1,0.0,C
2016,3,2,0.0,C
2016,3,3,0.0,C
2016,3,4,0.0,C
2016,3,5,0.0,C
2016,3,6,0.0,C
2016,3,7,1.5,C
2016,3,8,0.0,C
2016,3,9,14.0,C
2016,3,10,14.0,C
2016,3,11,0.0,C
2016,3,12,0.5,C
2016,3,13,8.5,C
2016,3,14,0.5,C
2016,3,15,0.0,C
2016,3,16,2.5,C
2016,3,17,6.0,C
2016,3,18,1.0,C
2016,3,19,0.0,C
2016,3,20,0.5,C
2016,3,21,54.5,C
2016,3,22,3.5,C
2016,3,23,13.0,C
2016,3,24,28.5,C
2016,3,25,0.5,C
2016,3,26,0.0,C
2016,3,27,0.0,C
2016,3,28,0.0,C
2016,3,29,0.0,C
2016,3,30,0.0,C
2016,3,31,0.0,C
2016,4,1,0.0,C
2016,4,2,0.0,C
2016,4,3,0.0,C
2016,4,4,3.0,C
2016,4,5,0.5,C
2016,4,6,0.5,C
2016,4,7,0.0,C
2016,4,8,0.0,C
2016,4,9,0.0,C
2016,4,10,23.0,C
2016,4,11,3.5,C
2016,4,12,15.5,C
2016,4,13,67.5,C
2016,4,14,4.0,C
2016,4,15,17.0,C
2016,4,16,0.5,C
2016,4,17,0.0,C
2016,4,18,15.5,C
2016,4,19,0.0,C
2016,4,20,0.0,C
2016,4,21,0.0,C
2016,4,22,10.0,C
2016,4,23,1.0,C
2016,4,24,40.5,C
2016,4,25,14.0,C
2016,4,26,6.0,C
2016,4,27,3.0,C
2016,4,28,1.5,C
2016,4,29,0.0,C
2016,4,30,1.0,C
2016,5,1,5.0,C
2016,5,2,0.5,C
2016,5,3,31.5,C
2016,5,4,0.5,C
2016,5,5,0.0,C
2016,5,6,0.0,C
2016,5,7,0.0,C
2016,5,8,0.0,C
2016,5,9,0.0,C
2016,5,10,158.5,C
2016,5,11,0.0,C
2016,5,12,0.0,C
2016,5,13,0.0,C
2016,5,14,1.0,C
2016,5,15,1.0,C
2016,5,16,0.0,C
2016,5,17,0.5,C
2016,5,18,0.0,C
2016,5,19,0.0,C
2016,5,20,52.0,C
2016,5,21,221.0,C
2016,5,22,0.0,C
2016,5,23,0.0,C
2016,5,24,0.0,C
2016,5,25,0.0,C
2016,5,26,0.5,C
2016,5,27,15.5,C
2016,5,28,38.0,C
2016,5,29,0.5,C
2016,5,30,0.0,C
2016,5,31,0.0,C
2016,6,1,0.0,C
2016,6,2,0.0,C
2016,6,3,0.0,C
2016,6,4,1.0,C
2016,6,5,6.5,C
2016,6,6,92.5,C
2016,6,7,2.5,C
2016,6,8,25.5,C
2016,6,9,0.0,C
2016,6,10,4.0,C
2016,6,11,40.0,C
2016,6,12,28.5,C
2016,6,13,0.5,C
2016,6,14,0.5,C
2016,6,15,1.0,C
2016,6,16,3.0,C
2016,6,17,15.0,C
2016,6,18,3.5,C
2016,6,19,0.5,C
2016,6,20,2.5,C
2016,6,21,0.0,C
2016,6,22,0.0,C
2016,6,23,0.0,C
2016,6,24,0.0,C
2016,6,25,0.0,C
2016,6,26,0.0,C
2016,6,27,0.5,C
2016,6,28,13.0,C
2016,6,29,18.5,C
2016,6,30,2.5,C
2016,7,1,8.5,C
2016,7,2,1.0,C
2016,7,3,3.5,C
2016,7,4,6.5,C
2016,7,5,18.5,C
2016,7,6,45.5,C
2016,7,7,0.0,C
2016,7,8,0.0,C
2016,7,9,16.0,C
2016,7,10,0.5,C
2016,7,11,67.0,C
2016,7,12,0.0,C
2016,7,13,30.5,C
2016,7,14,13.5,C
2016,7,15,0.5,C
2016,7,16,0.0,C
2016,7,17,0.0,C
2016,7,18,0.0,C
2016,7,19,4.0,C
2016,7,20,1.5,C
2016,7,21,4.0,C
2016,7,22,0.0,C
2016,7,23,0.0,C
2016,7,24,0.0,C
2016,7,25,0.0,C
2016,7,26,4.5,C
2016,7,27,1.0,C
2016,7,28,0.0,C
2016,7,29,0.0,C
2016,7,30,0.0,C
2016,7,31,0.0,C
2016,8,1,2.0,C
2016,8,2,90.5,C
2016,8,3,31.0,C
2016,8,4,6.0,C
2016,8,5,0.0,C
2016,8,6,0.0,C
2016,8,7,0.0,C
2016,8,8,15.5,C
2016,8,9,25.0,C
2016,8,10,85.0,C
2016,8,11,0.5,C
2016,8,12,0.0,C
2016,8,13,0.0,C
2016,8,14,26.5,C
2016,8,15,15.0,C
2016,8,16,24.0,C
2016,8,17,35.5,C
2016,8,18,31.5,C
2016,8,19,3.0,C
2016,8,20,0.0,C
2016,8,21,74.0,C
2016,8,22,0.0,C
2016,8,23,0.0,C
2016,8,24,0.0,C
2016,8,25,0.0,C
2016,8,26,0.0,C
2016,8,27,0.0,C
2016,8,28,52.0,C
2016,8,29,0.5,C
2016,8,30,0.0,C
2016,8,31,4.0,C
2016,9,1,36.5,C
2016,9,2,7.5,#
2016,9,3,3.0,C
2016,9,4,0.0,C
2016,9,5,31.5,C
2016,9,6,21.5,C
2016,9,7,9.5,C
2016,9,8,7.5,C
2016,9,9,4.0,C
2016,9,10,47.0,C
2016,9,11,42.5,C
2016,9,12,0.0,C
2016,9,13,4.5,C
2016,9,14,0.0,C
2016,9,15,0.5,C
2016,9,16,0.0,C
2016,9,17,0.0,C
2016,9,18,0.0,C
2016,9,19,8.0,C
2016,9,20,22.0,C
2016,9,21,1.5,C
2016,9,22,0.0,C
2016,9,23,0.0,C
2016,9,24,0.0,C
2016,9,25,0.0,C
2016,9,26,0.0,C
2016,9,27,0.0,C
2016,9,28,0.0,C
2016,9,29,0.0,C
2016,9,30,0.0,C
2016,10,1,85.5,C
2016,10,2,0.0,C
2016,10,3,0.0,C
2016,10,4,0.0,C
2016,10,5,0.0,C
2016,10,6,33.0,C
2016,10,7,2.5,C
2016,10,8,0.0,C
2016,10,9,0.0,C
2016,10,10,0.0,C
2016,10,11,0.0,C
2016,10,12,4.5,C
2016,10,13,0.0,C
2016,10,14,0.0,C
2016,10,15,0.0,C
2016,10,16,0.0,C
2016,10,17,13.0,C
2016,10,18,89.5,C
2016,10,19,78.0,C
2016,10,20,0.0,C
2016,10,21,77.0,C
2016,10,22,2.0,C
2016,10,23,0.5,C
2016,10,24,0.0,C
2016,10,25,0.0,C
2016,10,26,0.0,C
2016,10,27,0.0,C
2016,10,28,0.0,C
2016,10,29,2.0,C
2016,10,30,0.0,C
2016,10,31,0.0,C
2016,11,1,0.0,C
2016,11,2,0.0,C
2016,11,3,0.0,C
2016,11,4,0.0,C
2016,11,5,0.0,C
2016,11,6,0.0,C
2016,11,7,0.0,C
2016,11,8,0.0,C
2016,11,9,0.5,C
2016,11,10,5.0,C
2016,11,11,0.5,C
2016,11,12,0.0,C
2016,11,13,0.0,C
2016,11,14,0.0,C
2016,11,15,0.0,C
2016,11,16,0.0,C
2016,11,17,0.0,C
2016,11,18,0.5,C
2016,11,19,2.0,C
2016,11,20,0.0,C
2016,11,21,0.5,C
2016,11,22,52.0,C
2016,11,23,32.0,C
2016,11,24,0.0,C
2016,11,25,0.0,C
2016,11,26,39.5,C
2016,11,27,9.5,C
2016,11,28,0.0,C
2016,11,29,0.0,C
2016,11,30,0.0,C
2016,12,1,0.0,C
2016,12,2,0.0,C
2016,12,3,0.0,C
2016,12,4,0.0,C
2016,12,5,0.0,C
2016,12,6,0.0,C
2016,12,7,0.0,C
2016,12,8,0.0,C
2016,12,9,0.0,C
2016,12,10,0.0,C
2016,12,11,0.0,C
2016,12,12,0.0,C
2016,12,13,0.5,C
2016,12,14,0.0,C
2016,12,15,0.0,C
2016,12,16,0.0,C
2016,12,17,0.0,C
2016,12,18,0.0,C
2016,12,19,0.0,C
2016,12,20,0.0,C
2016,12,21,8.0,C
2016,12,22,10.0,C
2016,12,23,0.0,C
2016,12,24,1.5,C
2016,12,25,0.0,C
2016,12,26,0.0,C
2016,12,27,0.0,C
2016,12,28,0.0,C
2016,12,29,0.0,C
2016,12,30,0.0,C
2016,12,31,0.0,C
2017,1,1,0.0,C
2017,1,2,0.0,C
2017,1,3,0.0,C
2017,1,4,0.0,C
2017,1,5,0.0,C
2017,1,6,0.0,C
2017,1,7,0.0,C
2017,1,8,0.0,C
2017,1,9,0.0,C
2017,1,10,0.0,C
2017,1,11,0.0,C
2017,1,12,0.0,C
2017,1,13,0.0,C
2017,1,14,1.0,C
2017,1,15,3.0,C
2017,1,16,0.0,C
2017,1,17,0.0,C
2017,1,18,0.0,C
2017,1,19,0.0,C
2017,1,20,0.0,C
2017,1,21,0.0,C
2017,1,22,0.0,C
2017,1,23,0.0,C
2017,1,24,0.0,C
2017,1,25,0.0,C
2017,1,26,0.0,C
2017,1,27,0.0,C
2017,1,28,0.0,C
2017,1,29,2.5,C
2017,1,30,3.0,C
2017,1,31,0.0,C
2017,2,1,0.0,C
2017,2,2,0.0,C
2017,2,3,0.0,C
2017,2,4,1.5,C
2017,2,5,2.5,C
2017,2,6,0.0,C
2017,2,7,0.0,C
2017,2,8,0.0,C
2017,2,9,0.5,C
2017,2,10,0.0,C
2017,2,11,0.0,C
2017,2,12,0.0,C
2017,2,13,0.0,C
2017,2,14,0.0,C
2017,2,15,0.0,C
2017,2,16,0.0,C
2017,2,17,0.0,C
2017,2,18,0.0,C
2017,2,19,0.0,C
2017,2,20,0.0,C
2017,2,21,3.5,C
2017,2,22,12.5,C
2017,2,23,0.0,C
2017,2,24,0.0,C
2017,2,25,0.5,C
2017,2,26,1.5,C
2017,2,27,0.0,C
2017,2,28,0.0,C
2017,3,1,0.0,C
2017,3,2,0.0,C
2017,3,3,0.0,C
2017,3,4,0.0,C
2017,3,5,0.0,C
2017,3,6,0.0,C
2017,3,7,0.0,C
2017,3,8,4.0,C
2017,3,9,0.5,C
2017,3,10,0.5,C
2017,3,11,0.0,C
2017,3,12,0.5,C
2017,3,13,0.5,C
2017,3,14,3.5,C
2017,3,15,0.0,C
2017,3,16,0.0,C
2017,3,17,0.0,C
2017,3,18,0.5,C
2017,3,19,8.5,C
2017,3,20,0.0,#
2017,3,21,0.0,C
2017,3,22,0.5,C
2017,3,23,0.0,C
2017,3,24,0.0,C
2017,3,25,0.0,C
2017,3,26,0.5,C
2017,3,27,0.0,C
2017,3,28,0.0,C
2017,3,29,0.0,C
2017,3,30,0.5,C
2017,3,31,20.5,C
2017,4,1,0.0,#
2017,4,2,0.0,C
2017,4,3,0.0,C
2017,4,4,0.0,C
2017,4,5,0.0,C
2017,4,6,0.5,C
2017,4,7,0.0,C
2017,4,8,0.0,C
2017,4,9,0.0,C
2017,4,10,0.0,C
2017,4,11,0.5,C
2017,4,12,27.0,C
2017,4,13,0.0,C
2017,4,14,0.0,C
2017,4,15,0.0,C
2017,4,16,0.0,C
2017,4,17,0.0,C
2017,4,18,0.0,C
2017,4,19,0.0,C
2017,4,20,4.0,C
2017,4,21,17.0,C
2017,4,22,9.5,C
2017,4,23,1.0,C
2017,4,24,0.0,#
2017,4,25,12.0,C
2017,4,26,1.5,C
2017,4,27,5.5,C
2017,4,28,0.0,C
2017,4,29,0.0,C
2017,4,30,0.0,C
2017,5,1,0.0,C
2017,5,2,0.0,C
2017,5,3,0.5,C
2017,5,4,81.5,C
2017,5,5,0.0,C
2017,5,6,0.0,C
2017,5,7,0.0,C
2017,5,8,10.0,C
2017,5,9,6.5,C
2017,5,10,0.0,C
2017,5,11,0.0,C
2017,5,12,0.0,C
2017,5,13,2.5,C
2017,5,14,0.5,C
2017,5,15,35.0,C
2017,5,16,25.0,C
2017,5,17,0.0,C
2017,5,18,0.0,C
2017,5,19,8.5,C
2017,5,20,1.5,C
2017,5,21,3.0,C
2017,5,22,7.5,C
2017,5,23,12.0,C
2017,5,24,128.5,C
2017,5,25,0.0,C
2017,5,26,0.5,C
2017,5,27,0.0,C
2017,5,28,0.0,C
2017,5,29,0.0,C
2017,5,30,0.0,C
2017,5,31,0.0,C
2017,6,1,1.0,C
2017,6,2,0.0,C
2017,6,3,0.0,C
2017,6,4,1.5,C
2017,6,5,2.0,C
2017,6,6,7.5,C
2017,6,7,35.5,C
2017,6,8,0.0,C
2017,6,9,0.5,C
2017,6,10,0.0,C
2017,6,11,0.0,C
2017,6,12,31.0,C
2017,6,13,163.0,C
2017,6,14,13.0,C
2017,6,15,15.0,C
2017,6,16,30.5,C
2017,6,17,166.0,C
2017,6,18,19.5,C
2017,6,19,25.0,C
2017,6,20,32.5,C
2017,6,21,125.5,C
2017,6,22,0.5,C
2017,6,23,1.0,C
2017,6,24,3.0,C
2017,6,25,2.0,C
2017,6,26,0.0,C
2017,6,27,1.0,C
2017,6,28,0.0,C
2017,6,29,0.0,C
2017,6,30,0.0,C
2017,7,1,6.5,C
2017,7,2,8.0,C
2017,7,3,24.0,C
2017,7,4,64.0,C
2017,7,5,10.0,C
2017,7,6,27.0,#
2017,7,7,6.0,C
2017,7,8,11.5,C
2017,7,9,3.5,C
2017,7,10,0.0,C
2017,7,11,0.0,C
2017,7,12,0.5,C
2017,7,13,0.0,C
2017,7,14,7.0,C
2017,7,15,9.0,C
2017,7,16,13.5,C
2017,7,17,171.5,C
2017,7,18,66.5,C
2017,7,19,41.5,C
2017,7,20,0.0,C
2017,7,21,0.0,C
2017,7,22,7.5,#
2017,7,23,***,
2017,7,24,0.0,#
2017,7,25,0.0,C
2017,7,26,0.0,C
2017,7,27,0.0,C
2017,7,28,0.0,C
2017,7,29,0.0,C
2017,7,30,0.0,C
2017,7,31,0.0,C
2017,8,1,31.5,C
2017,8,2,29.0,C
2017,8,3,12.5,C
2017,8,4,25.0,#
2017,8,5,0.0,C
2017,8,6,2.0,C
2017,8,7,0.0,C
2017,8,8,0.0,C
2017,8,9,17.0,C
2017,8,10,12.0,C
2017,8,11,1.0,C
2017,8,12,0.0,C
2017,8,13,0.0,C
2017,8,14,0.0,C
2017,8,15,0.0,C
2017,8,16,0.0,C
2017,8,17,0.0,C
2017,8,18,0.0,C
2017,8,19,0.0,C
2017,8,20,0.0,C
2017,8,21,0.0,C
2017,8,22,12.5,C
2017,8,23,50.0,C
2017,8,24,0.0,C
2017,8,25,0.0,C
2017,8,26,3.0,C
2017,8,27,144.0,C
2017,8,28,79.5,C
2017,8,29,0.0,C
2017,8,30,9.5,C
2017,8,31,3.5,C
2017,9,1,23.0,C
2017,9,2,0.5,C
2017,9,3,1.0,C
2017,9,4,20.0,C
2017,9,5,19.5,C
2017,9,6,0.0,C
2017,9,7,1.0,C
2017,9,8,1.0,C
2017,9,9,0.5,C
2017,9,10,3.5,C
2017,9,11,0.0,C
2017,9,12,0.0,C
2017,9,13,0.0,C
2017,9,14,0.0,C
2017,9,15,0.0,C
2017,9,16,0.0,C
2017,9,17,0.0,C
2017,9,18,0.0,C
2017,9,19,0.0,C
2017,9,20,1.0,C
2017,9,21,1.5,C
2017,9,22,14.0,C
2017,9,23,9.0,C
2017,9,24,14.0,C
2017,9,25,2.5,C
2017,9,26,0.0,C
2017,9,27,0.0,C
2017,9,28,0.0,C
2017,9,29,0.0,C
2017,9,30,21.0,C
2017,10,1,0.5,C
2017,10,2,0.0,C
2017,10,3,0.0,C
2017,10,4,10.5,C
2017,10,5,0.5,C
2017,10,6,0.0,C
2017,10,7,0.0,C
2017,10,8,0.0,C
2017,10,9,0.0,C
2017,10,10,0.0,C
2017,10,11,0.0,C
2017,10,12,0.0,C
2017,10,13,0.0,C
2017,10,14,0.5,C
2017,10,15,30.5,C
2017,10,16,15.0,C
2017,10,17,28.5,C
2017,10,18,0.0,C
2017,10,19,0.0,C
2017,10,20,0.0,C
2017,10,21,0.0,C
2017,10,22,0.0,C
2017,10,23,0.0,C
2017,10,24,0.0,C
2017,10,25,0.0,C
2017,10,26,0.0,C
2017,10,27,0.0,C
2017,10,28,0.0,C
2017,10,29,0.0,C
2017,10,30,0.0,C
2017,10,31,0.0,C
2017,11,1,0.0,C
2017,11,2,0.0,C
2017,11,3,0.0,C
2017,11,4,0.0,C
2017,11,5,0.0,C
2017,11,6,***,
2017,11,7,1.0,#
2017,11,8,0.0,C
2017,11,9,0.0,C
2017,11,10,0.0,C
2017,11,11,0.0,C
2017,11,12,14.5,C
2017,11,13,8.0,C
2017,11,14,0.0,C
2017,11,15,0.0,C
2017,11,16,0.0,C
2017,11,17,0.0,C
2017,11,18,3.5,C
2017,11,19,2.0,C
2017,11,20,0.0,C
2017,11,21,0.0,C
2017,11,22,0.0,C
2017,11,23,0.0,C
2017,11,24,0.0,C
2017,11,25,0.0,C
2017,11,26,0.0,C
2017,11,27,0.0,C
2017,11,28,0.0,C
2017,11,29,0.0,C
2017,11,30,0.5,C
2017,12,1,0.0,C
2017,12,2,0.0,C
2017,12,3,0.0,C
2017,12,4,0.0,C
2017,12,5,0.0,C
2017,12,6,0.0,C
2017,12,7,0.0,C
2017,12,8,0.0,C
2017,12,9,0.0,C
2017,12,10,0.0,C
2017,12,11,0.0,C
2017,12,12,0.0,C
2017,12,13,0.0,C
2017,12,14,0.0,C
2017,12,15,0.0,C
2017,12,16,0.0,C
2017,12,17,0.0,C
2017,12,18,0.0,C
2017,12,19,0.0,C
2017,12,20,0.0,C
2017,12,21,0.0,C
2017,12,22,0.0,C
2017,12,23,0.0,C
2017,12,24,0.0,C
2017,12,25,0.0,C
2017,12,26,0.0,C
2017,12,27,0.0,C
2017,12,28,0.0,C
2017,12,29,0.0,C
2017,12,30,0.0,C
2017,12,31,0.0,C
2018,1,1,0.0,C
2018,1,2,0.0,C
2018,1,3,0.0,C
2018,1,4,0.0,C
2018,1,5,0.5,C
2018,1,6,12.0,C
2018,1,7,14.0,C
2018,1,8,10.0,C
2018,1,9,11.5,C
2018,1,10,0.0,C
2018,1,11,0.0,C
2018,1,12,0.0,C
2018,1,13,0.0,C
2018,1,14,0.0,C
2018,1,15,0.0,C
2018,1,16,0.0,C
2018,1,17,0.0,C
2018,1,18,0.0,C
2018,1,19,3.0,C
2018,1,20,0.0,C
2018,1,21,0.0,C
2018,1,22,0.0,C
2018,1,23,0.0,C
2018,1,24,0.0,C
2018,1,25,0.0,C
2018,1,26,0.0,C
2018,1,27,0.0,C
2018,1,28,0.0,C
2018,1,29,1.0,C
2018,1,30,0.5,C
2018,1,31,17.0,C
2018,2,1,0.0,C
2018,2,2,0.0,C
2018,2,3,0.0,C
2018,2,4,0.0,C
2018,2,5,0.0,C
2018,2,6,0.0,C
2018,2,7,0.0,C
2018,2,8,0.0,C
2018,2,9,0.0,C
2018,2,10,0.0,C
2018,2,11,0.0,C
2018,2,12,0.0,C
2018,2,13,0.0,C
2018,2,14,0.0,C
2018,2,15,0.0,C
2018,2,16,0.0,C
2018,2,17,0.5,C
2018,2,18,0.0,C
2018,2,19,0.0,C
2018,2,20,0.0,C
2018,2,21,0.0,C
2018,2,22,1.5,C
2018,2,23,2.0,C
2018,2,24,0.0,C
2018,2,25,2.0,C
2018,2,26,0.0,C
2018,2,27,0.0,C
2018,2,28,0.0,C
2018,3,1,0.0,C
2018,3,2,0.5,C
2018,3,3,0.0,C
2018,3,4,0.0,C
2018,3,5,0.0,#
2018,3,6,0.0,#
2018,3,7,0.0,C
2018,3,8,0.0,C
2018,3,9,0.0,C
2018,3,10,0.0,C
2018,3,11,0.0,C
2018,3,12,0.0,C
2018,3,13,0.0,C
2018,3,14,0.0,C
2018,3,15,0.0,C
2018,3,16,0.0,C
2018,3,17,0.0,C
2018,3,18,0.0,C
2018,3,19,0.0,C
2018,3,20,0.0,C
2018,3,21,0.0,C
2018,3,22,0.0,C
2018,3,23,0.0,C
2018,3,24,0.0,C
2018,3,25,0.0,C
2018,3,26,0.0,C
2018,3,27,0.0,C
2018,3,28,0.0,C
2018,3,29,0.0,C
2018,3,30,0.0,C
2018,3,31,0.0,C
2018,4,1,0.0,C
2018,4,2,0.0,C
2018,4,3,0.0,C
2018,4,4,0.0,C
2018,4,5,0.0,C
2018,4,6,0.0,C
2018,4,7,0.0,C
2018,4,8,0.0,C
2018,4,9,0.0,C
2018,4,10,0.0,C
2018,4,11,0.0,C
2018,4,12,0.0,C
2018,4,13,0.0,C
2018,4,14,0.0,C
2018,4,15,***,
2018,4,16,0.0,C
2018,4,17,0.0,C
2018,4,18,0.0,#
2018,4,19,0.0,C
2018,4,20,0.0,C
2018,4,21,0.0,C
2018,4,22,0.0,C
2018,4,23,0.0,C
2018,4,24,1.5,C
2018,4,25,0.0,C
2018,4,26,0.0,C
2018,4,27,0.0,C
2018,4,28,0.0,C
2018,4,29,0.0,C
2018,4,30,2.0,C
2018,5,1,0.0,C
2018,5,2,0.0,C
2018,5,3,0.5,C
2018,5,4,7.5,C
2018,5,5,0.0,C
2018,5,6,5.5,C
2018,5,7,17.0,C
2018,5,8,22.0,C
2018,5,9,2.5,C
2018,5,10,1.0,#
2018,5,11,0.0,C
2018,5,12,0.0,C
2018,5,13,0.0,C
2018,5,14,0.0,C
2018,5,15,0.0,C
2018,5,16,0.0,C
2018,5,17,0.0,C
2018,5,18,0.0,C
2018,5,19,0.0,C
2018,5,20,0.0,C
2018,5,21,0.0,C
2018,5,22,0.0,C
2018,5,23,0.0,C
2018,5,24,0.0,C
2018,5,25,0.0,C
2018,5,26,3.5,C
2018,5,27,0.5,C
2018,5,28,0.0,C
2018,5,29,0.0,C
2018,5,30,0.0,C
2018,5,31,0.0,C
2018,6,1,0.0,C
2018,6,2,0.0,C
2018,6,3,0.0,C
2018,6,4,4.5,C
2018,6,5,28.5,C
2018,6,6,44.0,C
2018,6,7,22.0,C
2018,6,8,109.0,C
2018,6,9,10.0,C
2018,6,10,0.0,C
2018,6,11,0.0,C
2018,6,12,42.5,C
2018,6,13,119.0,C
2018,6,14,0.0,C
2018,6,15,0.0,C
2018,6,16,0.0,C
2018,6,17,0.0,C
2018,6,18,0.0,C
2018,6,19,2.5,C
2018,6,20,0.0,C
2018,6,21,15.5,C
2018,6,22,43.5,C
2018,6,23,34.0,C
2018,6,24,1.0,C
2018,6,25,15.5,C
2018,6,26,15.0,C
2018,6,27,0.0,C
2018,6,28,0.0,C
2018,6,29,0.0,C
2018,6,30,2.0,C
2018,7,1,1.0,C
2018,7,2,14.0,C
2018,7,3,14.5,C
2018,7,4,6.0,C
2018,7,5,9.5,C
2018,7,6,1.5,C
2018,7,7,2.0,C
2018,7,8,2.0,C
2018,7,9,1.0,C
2018,7,10,6.5,C
2018,7,11,0.0,C
2018,7,12,0.0,C
2018,7,13,39.5,C
2018,7,14,24.5,C
2018,7,15,45.0,C
2018,7,16,8.0,C
2018,7,17,3.5,C
2018,7,18,30.0,C
2018,7,19,1.5,C
2018,7,20,3.0,C
2018,7,21,0.0,C
2018,7,22,0.0,C
2018,7,23,4.0,C
2018,7,24,1.5,C
2018,7,25,12.0,C
2018,7,26,***,
2018,7,27,***,
2018,7,28,***,
2018,7,29,***,
2018,7,30,***,
2018,7,31,***,
2018,8,1,***,
2018,8,2,***,
2018,8,3,***,
2018,8,4,***,
2018,8,5,***,
2018,8,6,***,
2018,8,7,0.0,#
2018,8,8,9.0,C
2018,8,9,0.0,C
2018,8,10,36.0,C
2018,8,11,24.5,C
2018,8,12,45.0,C
2018,8,13,0.0,C
2018,8,14,46.5,C
2018,8,15,5.0,C
2018,8,16,14.0,C
2018,8,17,13.5,C
2018,8,18,30.5,C
2018,8,19,1.5,C
2018,8,20,28.5,C
2018,8,21,0.0,C
2018,8,22,37.0,C
2018,8,23,21.0,C
2018,8,24,0.0,C
2018,8,25,0.0,C
2018,8,26,1.5,C
2018,8,27,17.0,C
2018,8,28,59.5,C
2018,8,29,40.5,C
2018,8,30,6.0,C
2018,8,31,10.0,C
2018,9,1,66.0,C
2018,9,2,1.5,C
2018,9,3,3.5,C
2018,9,4,0.0,C
2018,9,5,2.0,#
2018,9,6,0.0,C
2018,9,7,2.5,C
2018,9,8,2.0,C
2018,9,9,6.5,C
2018,9,10,0.0,C
2018,9,11,0.0,C
2018,9,12,0.5,C
2018,9,13,2.0,C
2018,9,14,0.0,C
2018,9,15,0.0,C
2018,9,16,69.5,C
2018,9,17,1.0,C
2018,9,18,1.0,C
2018,9,19,0.0,C
2018,9,20,0.0,C
2018,9,21,0.0,C
2018,9,22,0.0,C
2018,9,23,0.0,C
2018,9,24,8.5,C
2018,9,25,8.5,C
2018,9,26,2.5,C
2018,9,27,1.0,C
2018,9,28,0.0,C
2018,9,29,0.0,C
2018,9,30,0.0,C
2018,10,1,3.0,C
2018,10,2,0.0,C
2018,10,3,0.0,C
2018,10,4,0.0,C
2018,10,5,0.0,C
2018,10,6,0.0,#
2018,10,7,***,
2018,10,8,0.0,#
2018,10,9,0.0,C
2018,10,10,46.5,C
2018,10,11,0.0,C
2018,10,12,7.5,#
2018,10,13,0.0,C
2018,10,14,0.0,C
2018,10,15,0.0,C
2018,10,16,3.5,C
2018,10,17,5.5,C
2018,10,18,8.5,C
2018,10,19,0.0,#
2018,10,20,0.0,#
2018,10,21,0.0,#
2018,10,22,0.0,C
2018,10,23,0.0,C
2018,10,24,0.5,C
2018,10,25,0.0,C
2018,10,26,0.0,C
2018,10,27,0.0,C
2018,10,28,0.0,C
2018,10,29,0.0,C
2018,10,30,0.0,C
2018,10,31,0.0,C
2018,11,1,0.0,C
2018,11,2,0.0,C
2018,11,3,0.5,C
2018,11,4,0.5,C
2018,11,5,0.0,C
2018,11,6,0.0,C
2018,11,7,0.0,C
2018,11,8,0.0,C
2018,11,9,0.0,C
2018,11,10,0.0,C
2018,11,11,0.0,C
2018,11,12,0.0,C
2018,11,13,0.0,C
2018,11,14,0.0,C
2018,11,15,0.0,C
2018,11,16,0.0,C
2018,11,17,0.0,C
2018,11,18,0.0,C
2018,11,19,0.0,C
2018,11,20,0.0,C
2018,11,21,3.0,#
2018,11,22,0.5,C
2018,11,23,0.0,C
2018,11,24,0.0,C
2018,11,25,22.0,C
2018,11,26,15.5,C
2018,11,27,16.5,#
2018,11,28,0.5,#
2018,11,29,0.0,#
2018,11,30,0.0,C
2018,12,1,0.0,C
2018,12,2,0.0,C
2018,12,3,0.0,C
2018,12,4,0.0,C
2018,12,5,0.0,#
2018,12,6,0.0,C
2018,12,7,2.5,C
2018,12,8,0.0,#
2018,12,9,***,
2018,12,10,0.0,#
2018,12,11,0.0,C
2018,12,12,0.0,C
2018,12,13,0.0,C
2018,12,14,0.0,C
2018,12,15,0.0,C
2018,12,16,0.0,C
2018,12,17,0.0,C
2018,12,18,0.0,C
2018,12,19,0.0,C
2018,12,20,0.0,C
2018,12,21,0.0,C
2018,12,22,0.0,C
2018,12,23,26.0,C
2018,12,24,0.0,C
2018,12,25,0.0,C
2018,12,26,0.0,C
2018,12,27,0.5,C
2018,12,28,0.0,C
2018,12,29,0.0,C
2018,12,30,0.0,C
2018,12,31,0.0,C
2019,1,1,0.0,C
2019,1,2,0.0,C
2019,1,3,0.5,C
2019,1,4,0.0,C
2019,1,5,0.0,C
2019,1,6,0.5,C
2019,1,7,0.0,C
2019,1,8,0.0,C
2019,1,9,0.0,C
2019,1,10,0.0,#
2019,1,11,0.0,C
2019,1,12,0.0,C
2019,1,13,0.5,C
2019,1,14,0.5,C
2019,1,15,1.5,C
2019,1,16,0.0,C
2019,1,17,0.0,C
2019,1,18,0.0,C
2019,1,19,0.0,C
2019,1,20,0.0,C
2019,1,21,0.0,C
2019,1,22,0.0,C
2019,1,23,0.0,C
2019,1,24,0.0,C
2019,1,25,0.5,C
2019,1,26,0.0,C
2019,1,27,0.0,C
2019,1,28,0.0,C
2019,1,29,0.0,C
2019,1,30,0.0,C
2019,1,31,0.0,C
2019,2,1,0.0,C
2019,2,2,0.0,C
2019,2,3,0.0,C
2019,2,4,0.0,C
2019,2,5,0.0,C
2019,2,6,0.0,C
2019,2,7,0.0,C
2019,2,8,0.0,C
2019,2,9,0.0,C
2019,2,10,0.0,C
2019,2,11,0.0,C
2019,2,12,0.5,C
2019,2,13,0.0,C
2019,2,14,0.0,C
2019,2,15,0.0,C
2019,2,16,0.0,C
2019,2,17,0.0,C
2019,2,18,23.5,C
2019,2,19,16.0,C
2019,2,20,0.5,C
2019,2,21,0.0,C
2019,2,22,0.5,C
2019,2,23,11.0,C
2019,2,24,2.0,C
2019,2,25,0.0,C
2019,2,26,0.5,#
2019,2,27,0.0,C
2019,2,28,0.0,C
2019,3,1,0.0,C
2019,3,2,0.0,C
2019,3,3,5.5,C
2019,3,4,4.5,C
2019,3,5,49.5,C
2019,3,6,51.0,C
2019,3,7,30.5,C
2019,3,8,9.5,C
2019,3,9,13.5,#
2019,3,10,1.0,#
2019,3,11,0.0,#
2019,3,12,0.5,C
2019,3,13,3.0,C
2019,3,14,1.5,C
2019,3,15,1.0,C
2019,3,16,0.0,C
2019,3,17,0.0,C
2019,3,18,0.0,C
2019,3,19,0.0,C
2019,3,20,0.0,C
2019,3,21,0.0,C
2019,3,22,0.0,C
2019,3,23,1.5,C
2019,3,24,3.5,C
2019,3,25,1.0,C
2019,3,26,0.0,C
2019,3,27,0.0,C
2019,3,28,0.0,C
2019,3,29,9.0,C
2019,3,30,0.0,C
2019,3,31,5.0,C
2019,4,1,0.0,C
2019,4,2,0.0,C
2019,4,3,0.0,C
2019,4,4,0.0,C
2019,4,5,0.0,C
2019,4,6,0.0,C
2019,4,7,0.0,C
2019,4,8,0.0,C
2019,4,9,0.0,C
2019,4,10,0.0,C
2019,4,11,1.0,C
2019,4,12,8.5,C
2019,4,13,2.0,C
2019,4,14,11.5,C
2019,4,15,2.0,C
2019,4,16,14.0,C
2019,4,17,0.0,C
2019,4,18,21.0,C
2019,4,19,100.0,C
2019,4,20,33.0,C
2019,4,21,0.0,C
2019,4,22,0.0,C
2019,4,23,0.0,C
2019,4,24,0.0,C
2019,4,25,0.0,C
2019,4,26,0.0,C
2019,4,27,14.5,C
2019,4,28,0.5,C
2019,4,29,0.0,C
2019,4,30,11.0,C
2019,5,1,0.0,C
2019,5,2,7.0,C
2019,5,3,11.5,C
2019,5,4,7.5,C
2019,5,5,22.5,C
2019,5,6,12.5,C
2019,5,7,12.0,C
2019,5,8,1.5,#
2019,5,9,0.5,#
2019,5,10,0.0,C
2019,5,11,0.0,C
2019,5,12,0.0,C
2019,5,13,0.5,C
2019,5,14,0.0,C
2019,5,15,0.0,C
2019,5,16,0.0,C
2019,5,17,0.0,C
2019,5,18,0.0,C
2019,5,19,0.0,C
2019,5,20,17.0,C
2019,5,21,3.0,C
2019,5,22,1.0,C
2019,5,23,33.0,C
2019,5,24,0.0,C
2019,5,25,0.5,C
2019,5,26,15.0,C
2019,5,27,38.0,C
2019,5,28,21.0,C
2019,5,29,3.5,C
2019,5,30,2.5,C
2019,5,31,10.5,C
2019,6,1,35.5,C
2019,6,2,1.0,C
2019,6,3,20.5,C
2019,6,4,50.5,C
2019,6,5,0.0,C
2019,6,6,0.0,C
2019,6,7,0.5,C
2019,6,8,7.5,C
2019,6,9,2.0,C
2019,6,10,5.0,C
2019,6,11,89.0,C
2019,6,12,3.0,C
2019,6,13,72.5,C
2019,6,14,7.0,C
2019,6,15,0.0,C
2019,6,16,0.0,C
2019,6,17,5.5,C
2019,6,18,13.5,C
2019,6,19,7.0,C
2019,6,20,0.0,C
2019,6,21,0.0,C
2019,6,22,1.5,C
2019,6,23,0.0,C
2019,6,24,19.0,C
2019,6,25,9.5,C
2019,6,26,2.5,C
2019,6,27,8.5,C
2019,6,28,28.5,C
2019,6,29,0.0,C
2019,6,30,5.0,C
2019,7,1,1.5,C
2019,7,2,13.0,C
2019,7,3,87.0,C
2019,7,4,3.5,C
2019,7,5,2.5,C
2019,7,6,2.0,C
2019,7,7,7.0,C
2019,7,8,0.0,C
2019,7,9,8.0,C
2019,7,10,25.0,C
2019,7,11,9.0,C
2019,7,12,0.0,C
2019,7,13,0.0,C
2019,7,14,0.0,C
2019,7,15,0.0,C
2019,7,16,0.0,C
2019,7,17,0.0,C
2019,7,18,1.0,C
2019,7,19,7.0,C
2019,7,20,15.0,C
2019,7,21,7.0,C
2019,7,22,17.5,C
2019,7,23,0.0,C
2019,7,24,4.0,C
2019,7,25,0.0,C
2019,7,26,0.0,C
2019,7,27,0.0,C
2019,7,28,0.0,C
2019,7,29,22.0,C
2019,7,30,4.0,C
2019,7,31,134.5,C
2019,8,1,82.5,C
2019,8,2,1.0,C
2019,8,3,14.0,C
2019,8,4,0.0,C
2019,8,5,0.0,C
2019,8,6,0.0,C
2019,8,7,0.0,C
2019,8,8,0.0,C
2019,8,9,0.0,C
2019,8,10,0.0,C
2019,8,11,7.0,C
2019,8,12,1.5,C
2019,8,13,0.0,C
2019,8,14,0.5,C
2019,8,15,8.0,C
2019,8,16,53.0,C
2019,8,17,10.5,C
2019,8,18,2.0,C
2019,8,19,0.5,C
2019,8,20,0.5,C
2019,8,21,0.0,C
2019,8,22,0.0,C
2019,8,23,0.0,C
2019,8,24,0.0,C
2019,8,25,***,
2019,8,26,***,
2019,8,27,***,
2019,8,28,0.0,#
2019,8,29,6.5,C
2019,8,30,16.5,C
2019,8,31,79.5,C
2019,9,1,18.0,C
2019,9,2,61.5,C
2019,9,3,7.5,C
2019,9,4,23.5,C
2019,9,5,8.0,C
2019,9,6,8.0,C
2019,9,7,0.0,C
2019,9,8,0.0,C
2019,9,9,0.0,C
2019,9,10,0.0,C
2019,9,11,0.0,C
2019,9,12,0.0,C
2019,9,13,0.0,C
2019,9,14,0.5,C
2019,9,15,3.5,C
2019,9,16,15.5,C
2019,9,17,1.0,C
2019,9,18,12.0,C
2019,9,19,15.0,C
2019,9,20,0.0,C
2019,9,21,0.0,C
2019,9,22,0.0,C
2019,9,23,0.0,C
2019,9,24,0.0,C
2019,9,25,0.0,C
2019,9,26,0.0,C
2019,9,27,0.0,C
2019,9,28,0.0,C
2019,9,29,0.0,C
2019,9,30,0.0,C
2019,10,1,0.0,C
2019,10,2,0.0,C
2019,10,3,0.0,C
2019,10,4,0.0,C
2019,10,5,0.0,C
2019,10,6,43.0,C
2019,10,7,25.5,C
2019,10,8,0.5,C
2019,10,9,0.0,C
2019,10,10,0.0,C
2019,10,11,0.0,C
2019,10,12,0.0,C
2019,10,13,68.0,C
2019,10,14,106.5,C
2019,10,15,2.0,C
2019,10,16,0.0,C
2019,10,17,0.0,C
2019,10,18,0.0,C
2019,10,19,0.0,C
2019,10,20,5.5,C
2019,10,21,0.0,C
2019,10,22,0.0,C
2019,10,23,0.0,C
2019,10,24,0.0,C
2019,10,25,0.0,C
2019,10,26,0.0,C
2019,10,27,0.0,C
2019,10,28,0.0,C
2019,10,29,0.0,C
2019,10,30,0.0,C
2019,10,31,0.0,C
2019,11,1,0.0,C
2019,11,2,0.0,C
2019,11,3,0.0,C
2019,11,4,0.0,C
2019,11,5,0.0,C
2019,11,6,0.0,C
2019,11,7,0.0,C
2019,11,8,0.0,C
2019,11,9,0.0,C
2019,11,10,0.0,C
2019,11,11,0.0,C
2019,11,12,0.0,C
2019,11,13,0.0,C
2019,11,14,0.0,C
2019,11,15,0.0,C
2019,11,16,0.0,C
2019,11,17,0.0,C
2019,11,18,0.0,C
2019,11,19,0.0,C
2019,11,20,0.0,C
2019,11,21,0.0,C
2019,11,22,0.0,C
2019,11,23,0.0,C
2019,11,24,0.5,C
2019,11,25,0.0,C
2019,11,26,0.0,C
2019,11,27,0.0,C
2019,11,28,0.0,C
2019,11,29,0.0,C
2019,11,30,0.0,C
2019,12,1,0.0,C
2019,12,2,0.0,C
2019,12,3,0.0,C
2019,12,4,0.0,C
2019,12,5,2.5,C
2019,12,6,0.0,C
2019,12,7,0.0,C
2019,12,8,0.0,C
2019,12,9,0.0,C
2019,12,10,0.0,C
2019,12,11,0.0,C
2019,12,12,0.0,C
2019,12,13,0.0,C
2019,12,14,0.0,C
2019,12,15,0.0,C
2019,12,16,0.0,C
2019,12,17,0.0,C
2019,12,18,0.0,C
2019,12,19,0.0,C
2019,12,20,1.0,C
2019,12,21,1.0,C
2019,12,22,0.0,C
2019,12,23,0.0,C
2019,12,24,0.0,C
2019,12,25,0.0,C
2019,12,26,0.0,C
2019,12,27,0.0,C
2019,12,28,0.0,C
2019,12,29,13.5,C
2019,12,30,2.0,C
2019,12,31,0.0,C
2020,1,1,0.0,C
2020,1,2,0.0,C
2020,1,3,0.0,C
2020,1,4,0.0,C
2020,1,5,0.0,C
2020,1,6,0.0,C
2020,1,7,0.5,C
2020,1,8,0.0,C
2020,1,9,0.0,C
2020,1,10,0.0,C
2020,1,11,0.0,C
2020,1,12,0.0,C
2020,1,13,0.0,C
2020,1,14,0.0,C
2020,1,15,0.0,C
2020,1,16,0.0,C
2020,1,17,0.0,C
2020,1,18,0.0,C
2020,1,19,0.0,C
2020,1,20,0.0,C
2020,1,21,0.0,C
2020,1,22,0.0,C
2020,1,23,0.0,C
2020,1,24,0.0,C
2020,1,25,2.5,C
2020,1,26,23.5,C
2020,1,27,0.0,C
2020,1,28,0.5,C
2020,1,29,0.0,C
2020,1,30,0.0,C
2020,1,31,0.0,C
2020,2,1,0.0,C
2020,2,2,0.0,C
2020,2,3,0.0,C
2020,2,4,1.0,C
2020,2,5,0.0,C
2020,2,6,0.0,C
2020,2,7,0.0,C
2020,2,8,0.0,C
2020,2,9,0.0,C
2020,2,10,0.0,C
2020,2,11,0.5,C
2020,2,12,0.5,C
2020,2,13,25.5,C
2020,2,14,9.5,C
2020,2,15,0.0,C
2020,2,16,18.0,C
2020,2,17,0.0,C
2020,2,18,0.0,C
2020,2,19,0.0,C
2020,2,20,0.0,C
2020,2,21,0.0,C
2020,2,22,0.0,C
2020,2,23,0.0,C
2020,2,24,0.0,C
2020,2,25,0.0,C
2020,2,26,0.0,C
2020,2,27,0.0,C
2020,2,28,0.0,C
2020,2,29,0.0,C
2020,3,1,0.0,C
2020,3,2,0.0,C
2020,3,3,0.0,C
2020,3,4,0.5,C
2020,3,5,0.5,C
2020,3,6,0.0,C
2020,3,7,0.0,C
2020,3,8,8.0,C
2020,3,9,1.5,C
2020,3,10,0.0,C
2020,3,11,1.0,C
2020,3,12,0.0,C
2020,3,13,0.5,C
2020,3,14,0.5,C
2020,3,15,0.0,C
2020,3,16,0.0,C
2020,3,17,0.0,C
2020,3,18,13.5,C
2020,3,19,1.0,C
2020,3,20,1.0,C
2020,3,21,4.0,C
2020,3,22,0.0,#
2020,3,23,0.0,C
2020,3,24,0.0,C
2020,3,25,0.0,C
2020,3,26,0.0,C
2020,3,27,0.0,C
2020,3,28,8.5,C
2020,3,29,1.5,C
2020,3,30,9.5,C
2020,3,31,7.5,C
2020,4,1,0.5,C
2020,4,2,0.0,#
2020,4,3,***,
2020,4,4,***,
2020,4,5,***,
2020,4,6,***,
2020,4,7,***,
2020,4,8,***,
2020,4,9,0.0,#
2020,4,10,0.0,C
2020,4,11,0.5,C
2020,4,12,0.5,C
2020,4,13,0.0,C
2020,4,14,0.0,C
2020,4,15,0.0,C
2020,4,16,0.0,C
2020,4,17,0.0,C
2020,4,18,0.0,C
2020,4,19,0.0,C
2020,4,20,0.0,C
2020,4,21,0.0,C
2020,4,22,14.0,C
2020,4,23,2.0,C
2020,4,24,1.0,C
2020,4,25,0.0,C
2020,4,26,0.5,C
2020,4,27,0.0,C
2020,4,28,0.0,C
2020,4,29,0.0,C
2020,4,30,0.0,C
2020,5,1,0.0,C
2020,5,2,0.0,C
2020,5,3,0.0,#
2020,5,4,0.0,#
2020,5,5,0.0,C
2020,5,6,0.0,C
2020,5,7,0.0,C
2020,5,8,0.0,C
2020,5,9,0.0,C
2020,5,10,0.0,C
2020,5,11,10.0,C
2020,5,12,7.0,C
2020,5,13,0.0,C
2020,5,14,19.5,C
2020,5,15,0.0,C
2020,5,16,0.0,C
2020,5,17,0.0,C
2020,5,18,40.0,C
2020,5,19,12.0,C
2020,5,20,23.0,C
2020,5,21,82.0,C
2020,5,22,14.5,C
2020,5,23,0.0,C
2020,5,24,0.0,C
2020,5,25,21.5,C
2020,5,26,12.5,C
2020,5,27,0.0,C
2020,5,28,0.0,C
2020,5,29,0.5,C
2020,5,30,165.5,C
2020,5,31,1.0,C
2020,6,1,0.0,C
2020,6,2,4.0,C
2020,6,3,0.5,C
2020,6,4,0.0,C
2020,6,5,0.5,C
2020,6,6,186.5,C
2020,6,7,181.0,C
2020,6,8,47.5,#
2020,6,9,0.0,#
2020,6,10,0.0,C
2020,6,11,0.0,C
2020,6,12,0.0,C
2020,6,13,8.5,C
2020,6,14,16.5,C
2020,6,15,1.5,C
2020,6,16,3.0,C
2020,6,17,0.0,C
2020,6,18,3.5,C
2020,6,19,0.0,C
2020,6,20,0.0,C
2020,6,21,0.0,C
2020,6,22,0.0,C
2020,6,23,0.0,C
2020,6,24,0.0,C
2020,6,25,0.0,C
2020,6,26,7.5,C
2020,6,27,1.5,C
2020,6,28,0.0,C
2020,6,29,0.5,C
2020,6,30,0.0,C
2020,7,1,6.0,C
2020,7,2,1.5,C
2020,7,3,26.5,C
2020,7,4,0.5,C
2020,7,5,0.0,C
2020,7,6,0.5,C
2020,7,7,1.5,C
2020,7,8,0.0,C
2020,7,9,0.0,C
2020,7,10,0.0,C
2020,7,11,0.0,C
2020,7,12,0.0,C
2020,7,13,0.0,C
2020,7,14,0.0,C
2020,7,15,0.0,C
2020,7,16,0.0,C
2020,7,17,7.5,C
2020,7,18,0.0,C
2020,7,19,0.0,C
2020,7,20,0.0,C
2020,7,21,0.0,C
2020,7,22,2.0,C
2020,7,23,0.0,C
2020,7,24,0.0,C
2020,7,25,0.0,C
2020,7,26,0.0,C
2020,7,27,5.0,C
2020,7,28,0.0,C
2020,7,29,0.0,C
2020,7,30,3.0,C
2020,7,31,33.5,C
2020,8,1,24.5,C
2020,8,2,19.5,C
2020,8,3,18.0,C
2020,8,4,5.5,C
2020,8,5,74.5,C
2020,8,6,1.5,C
2020,8,7,0.0,C
2020,8,8,0.0,C
2020,8,9,0.0,C
2020,8,10,0.0,C
2020,8,11,2.5,C
2020,8,12,14.0,C
2020,8,13,16.0,C
2020,8,14,0.5,C
2020,8,15,0.0,C
2020,8,16,0.0,C
2020,8,17,7.5,C
2020,8,18,39.0,C
2020,8,19,48.5,C
2020,8,20,0.0,C
2020,8,21,0.0,C
2020,8,22,0.0,C
2020,8,23,0.0,C
2020,8,24,0.0,C
2020,8,25,0.0,C
2020,8,26,16.0,C
2020,8,27,23.5,C
2020,8,28,0.0,C
2020,8,29,0.0,C
2020,8,30,0.0,C
2020,8,31,0.0,C
2020,9,1,1.5,C
2020,9,2,2.0,C
2020,9,3,0.5,C
2020,9,4,0.0,C
2020,9,5,0.0,C
2020,9,6,0.0,C
2020,9,7,0.0,C
2020,9,8,0.0,#
2020,9,9,5.0,C
2020,9,10,1.5,C
2020,9,11,0.5,C
2020,9,12,52.5,C
2020,9,13,1.0,C
2020,9,14,34.5,C
2020,9,15,195.5,C
2020,9,16,2.0,C
2020,9,17,29.5,C
2020,9,18,29.5,C
2020,9,19,15.0,#
2020,9,20,0.0,#
2020,9,21,0.0,#
2020,9,22,***,
2020,9,23,0.0,#
2020,9,24,8.5,#
2020,9,25,0.0,C
2020,9,26,0.0,C
2020,9,27,1.0,C
2020,9,28,1.0,C
2020,9,29,0.0,C
2020,9,30,38.5,C
2020,10,1,0.0,C
2020,10,2,0.0,C
2020,10,3,0.0,C
2020,10,4,0.0,C
2020,10,5,28.0,C
2020,10,6,3.0,C
2020,10,7,0.0,C
2020,10,8,0.0,C
2020,10,9,0.0,C
2020,10,10,0.0,C
2020,10,11,0.0,C
2020,10,12,0.0,C
2020,10,13,17.0,C
2020,10,14,0.5,C
2020,10,15,0.0,C
2020,10,16,0.0,C
2020,10,17,0.0,C
2020,10,18,0.5,C
2020,10,19,0.0,C
2020,10,20,0.0,C
2020,10,21,0.0,C
2020,10,22,0.0,C
2020,10,23,0.0,C
2020,10,24,0.0,C
2020,10,25,0.0,C
2020,10,26,0.0,C
2020,10,27,0.0,C
2020,10,28,9.0,C
2020,10,29,0.5,C
2020,10,30,0.0,C
2020,10,31,0.0,C
2020,11,1,0.0,C
2020,11,2,0.0,C
2020,11,3,0.0,C
2020,11,4,0.0,C
2020,11,5,0.0,C
2020,11,6,0.0,C
2020,11,7,0.0,C
2020,11,8,0.0,C
2020,11,9,0.0,C
2020,11,10,0.0,C
2020,11,11,0.0,C
2020,11,12,0.0,C
2020,11,13,0.0,C
2020,11,14,0.0,C
2020,11,15,0.0,C
2020,11,16,0.0,C
2020,11,17,0.0,C
2020,11,18,1.0,C
2020,11,19,0.0,C
2020,11,20,0.0,C
2020,11,21,0.0,C
2020,11,22,0.5,C
2020,11,23,0.0,C
2020,11,24,0.0,C
2020,11,25,0.0,C
2020,11,26,0.0,C
2020,11,27,0.0,C
2020,11,28,0.0,C
2020,11,29,0.0,C
2020,11,30,0.0,C
2020,12,1,0.0,C
2020,12,2,0.0,C
2020,12,3,0.0,C
2020,12,4,0.0,C
2020,12,5,0.0,C
2020,12,6,0.0,C
2020,12,7,0.0,C
2020,12,8,0.0,C
2020,12,9,0.0,C
2020,12,10,0.0,C
2020,12,11,0.0,C
2020,12,12,0.0,C
2020,12,13,0.0,C
2020,12,14,0.0,C
2020,12,15,0.0,C
2020,12,16,0.0,C
2020,12,17,0.0,C
2020,12,18,0.0,C
2020,12,19,0.0,C
2020,12,20,0.0,#
2020,12,21,0.0,C
2020,12,22,0.0,C
2020,12,23,1.5,C
2020,12,24,0.0,C
2020,12,25,0.0,C
2020,12,26,0.5,C
2020,12,27,0.0,C
2020,12,28,0.0,C
2020,12,29,0.0,C
2020,12,30,0.0,C
2020,12,31,0.0,C
2021,1,1,0.0,C
2021,1,2,0.0,C
2021,1,3,0.0,C
2021,1,4,0.0,C
2021,1,5,0.0,C
2021,1,6,0.0,C
2021,1,7,0.0,C
2021,1,8,0.0,C
2021,1,9,0.0,C
2021,1,10,0.0,C
2021,1,11,0.0,C
2021,1,12,0.0,C
2021,1,13,0.0,C
2021,1,14,0.0,C
2021,1,15,0.0,C
2021,1,16,0.0,C
2021,1,17,0.0,C
2021,1,18,0.0,C
2021,1,19,0.0,C
2021,1,20,0.0,C
2021,1,21,0.0,C
2021,1,22,0.0,C
2021,1,23,0.0,C
2021,1,24,0.0,C
2021,1,25,0.0,C
2021,1,26,0.0,C
2021,1,27,0.0,C
2021,1,28,0.0,C
2021,1,29,0.0,C
2021,1,30,0.0,C
2021,1,31,0.0,C
2021,2,1,0.0,C
2021,2,2,0.0,C
2021,2,3,0.0,C
2021,2,4,0.0,C
2021,2,5,0.0,C
2021,2,6,0.0,C
2021,2,7,0.0,C
2021,2,8,0.5,C
2021,2,9,0.0,C
2021,2,10,34.5,C
2021,2,11,0.0,C
2021,2,12,0.0,C
2021,2,13,0.0,C
2021,2,14,0.0,#
2021,2,15,0.0,#
2021,2,16,0.0,C
2021,2,17,0.0,C
2021,2,18,0.0,C
2021,2,19,0.0,C
2021,2,20,0.0,C
2021,2,21,0.0,C
2021,2,22,0.0,C
2021,2,23,0.5,C
2021,2,24,0.5,C
2021,2,25,1.0,C
2021,2,26,6.5,C
2021,2,27,2.5,C
2021,2,28,0.0,C
2021,3,1,0.0,C
2021,3,2,0.0,C
2021,3,3,0.0,C
2021,3,4,2.0,C
2021,3,5,3.5,C
2021,3,6,3.5,C
2021,3,7,1.0,C
2021,3,8,0.5,C
2021,3,9,0.0,C
2021,3,10,0.0,C
2021,3,11,0.0,C
2021,3,12,0.0,C
2021,3,13,0.0,C
2021,3,14,0.0,C
2021,3,15,0.0,C
2021,3,16,0.0,C
2021,3,17,0.0,C
2021,3,18,0.0,C
2021,3,19,0.0,C
2021,3,20,0.0,C
2021,3,21,0.0,C
2021,3,22,0.0,C
2021,3,23,0.0,C
2021,3,24,0.0,C
2021,3,25,0.0,C
2021,3,26,0.0,C
2021,3,27,0.0,C
2021,3,28,0.0,C
2021,3,29,0.0,C
2021,3,30,0.0,C
2021,3,31,0.0,C
2021,4,1,0.0,C
2021,4,2,0.0,C
2021,4,3,0.0,C
2021,4,4,0.5,C
2021,4,5,1.0,C
2021,4,6,0.0,C
2021,4,7,0.0,C
2021,4,8,0.0,C
2021,4,9,9.5,C
2021,4,10,0.0,C
2021,4,11,0.0,C
2021,4,12,0.0,C
2021,4,13,0.0,C
2021,4,14,0.0,C
2021,4,15,1.5,C
2021,4,16,0.5,C
2021,4,17,1.5,C
2021,4,18,0.0,C
2021,4,19,0.0,C
2021,4,20,0.0,C
2021,4,21,0.0,C
2021,4,22,0.0,C
2021,4,23,0.0,C
2021,4,24,0.0,C
2021,4,25,2.5,C
2021,4,26,0.5,C
2021,4,27,3.0,C
2021,4,28,3.5,C
2021,4,29,0.0,C
2021,4,30,0.0,C
2021,5,1,0.0,C
2021,5,2,1.0,C
2021,5,3,3.0,C
2021,5,4,15.0,#
2021,5,5,0.5,C
2021,5,6,0.0,C
2021,5,7,0.0,C
2021,5,8,0.0,C
2021,5,9,0.0,C
2021,5,10,0.0,C
2021,5,11,0.0,C
2021,5,12,0.0,C
2021,5,13,0.0,C
2021,5,14,0.0,C
2021,5,15,0.0,C
2021,5,16,0.0,C
2021,5,17,0.0,C
2021,5,18,0.5,C
2021,5,19,0.0,C
2021,5,20,0.0,C
2021,5,21,0.0,C
2021,5,22,7.5,C
2021,5,23,0.0,C
2021,5,24,1.5,C
2021,5,25,7.5,C
2021,5,26,14.0,C
2021,5,27,1.5,C
2021,5,28,0.0,C
2021,5,29,0.0,C
2021,5,30,0.0,C
2021,5,31,18.5,C
2021,6,1,36.0,C
2021,6,2,2.5,C
2021,6,3,0.0,C
2021,6,4,1.5,C
2021,6,5,0.0,C
2021,6,6,0.0,C
2021,6,7,0.5,C
2021,6,8,0.0,C
2021,6,9,9.0,C
2021,6,10,3.0,C
2021,6,11,13.0,C
2021,6,12,21.5,C
2021,6,13,8.0,C
2021,6,14,0.0,C
2021,6,15,3.0,C
2021,6,16,0.0,C
2021,6,17,0.0,C
2021,6,18,0.5,C
2021,6,19,0.0,C
2021,6,20,0.0,C
2021,6,21,2.0,C
2021,6,22,37.0,C
2021,6,23,110.5,C
2021,6,24,14.0,C
2021,6,25,27.5,C
2021,6,26,97.5,C
2021,6,27,16.5,C
2021,6,28,69.0,C
2021,6,29,2.0,C
2021,6,30,0.0,C
2021,7,1,0.5,C
2021,7,2,0.0,C
2021,7,3,0.0,C
2021,7,4,1.0,C
2021,7,5,1.0,C
2021,7,6,5.5,C
2021,7,7,7.5,C
2021,7,8,0.0,C
2021,7,9,0.0,C
2021,7,10,0.0,C
2021,7,11,0.0,C
2021,7,12,0.5,C
2021,7,13,0.0,C
2021,7,14,0.0,C
2021,7,15,0.5,C
2021,7,16,17.0,C
2021,7,17,2.5,C
2021,7,18,48.0,C
2021,7,19,71.5,C
2021,7,20,167.5,C
2021,7,21,30.0,C
2021,7,22,0.0,C
2021,7,23,0.0,C
2021,7,24,6.5,C
2021,7,25,32.5,C
2021,7,26,0.0,C
2021,7,27,2.5,C
2021,7,28,20.5,C
2021,7,29,4.5,C
2021,7,30,8.5,C
2021,7,31,20.5,C
2021,8,1,21.5,C
2021,8,2,1.0,C
2021,8,3,13.5,C
2021,8,4,34.0,C
2021,8,5,24.5,C
2021,8,6,31.0,C
2021,8,7,3.5,C
2021,8,8,5.5,C
2021,8,9,42.0,C
2021,8,10,3.0,C
2021,8,11,30.5,C
2021,8,12,0.0,C
2021,8,13,7.0,C
2021,8,14,7.5,C
2021,8,15,3.0,C
2021,8,16,9.5,C
2021,8,17,0.0,C
2021,8,18,0.0,C
2021,8,19,0.0,C
2021,8,20,0.0,C
2021,8,21,0.0,C
2021,8,22,0.0,C
2021,8,23,0.5,C
2021,8,24,0.0,C
2021,8,25,8.0,C
2021,8,26,0.5,C
2021,8,27,37.5,C
2021,8,28,8.0,C
2021,8,29,0.0,C
2021,8,30,0.0,C
2021,8,31,11.5,C
2021,9,1,16.0,C
2021,9,2,1.0,C
2021,9,3,0.0,C
2021,9,4,0.0,C
2021,9,5,0.0,C
2021,9,6,0.0,C
2021,9,7,0.0,C
2021,9,8,0.0,C
2021,9,9,0.0,C
2021,9,10,0.0,C
2021,9,11,0.5,C
2021,9,12,0.0,C
2021,9,13,0.0,C
2021,9,14,19.5,C
2021,9,15,0.0,C
2021,9,16,36.5,C
2021,9,17,0.0,C
2021,9,18,0.0,C
2021,9,19,2.0,C
2021,9,20,3.5,C
2021,9,21,0.5,C
2021,9,22,0.0,C
2021,9,23,31.0,C
2021,9,24,5.0,C
2021,9,25,0.0,C
2021,9,26,0.0,C
2021,9,27,0.0,C
2021,9,28,0.0,#
2021,9,29,0.0,#
2021,9,30,0.0,C
2021,10,1,0.0,C
2021,10,2,0.0,C
2021,10,3,5.5,C
2021,10,4,0.0,C
2021,10,5,0.0,C
2021,10,6,0.0,C
2021,10,7,12.5,C
2021,10,8,204.5,C
2021,10,9,54.0,C
2021,10,10,15.0,C
2021,10,11,0.0,C
2021,10,12,1.0,C
2021,10,13,50.0,C
2021,10,14,13.5,C
2021,10,15,8.0,C
2021,10,16,0.5,C
2021,10,17,0.0,C
2021,10,18,0.0,C
2021,10,19,0.0,C
2021,10,20,0.0,C
2021,10,21,1.0,C
2021,10,22,0.5,C
2021,10,23,0.0,C
2021,10,24,0.0,C
2021,10,25,0.0,C
2021,10,26,0.0,C
2021,10,27,0.0,C
2021,10,28,2.0,C
2021,10,29,0.5,C
2021,10,30,0.0,C
2021,10,31,0.0,C
2021,11,1,0.0,C
2021,11,2,0.0,C
2021,11,3,0.0,C
2021,11,4,0.0,C
2021,11,5,0.0,C
2021,11,6,0.0,C
2021,11,7,0.0,C
2021,11,8,0.0,C
2021,11,9,0.0,C
2021,11,10,0.0,C
2021,11,11,0.0,C
2021,11,12,0.0,C
2021,11,13,0.0,C
2021,11,14,0.0,C
2021,11,15,0.0,C
2021,11,16,0.0,C
2021,11,17,0.0,C
2021,11,18,0.0,C
2021,11,19,0.0,C
2021,11,20,0.0,C
2021,11,21,0.0,C
2021,11,22,0.0,C
2021,11,23,0.0,C
2021,11,24,0.0,C
2021,11,25,0.0,C
2021,11,26,0.0,C
2021,11,27,0.0,C
2021,11,28,0.0,C
2021,11,29,0.0,C
2021,11,30,0.0,C
2021,12,1,0.0,C
2021,12,2,0.0,C
2021,12,3,0.0,C
2021,12,4,0.0,C
2021,12,5,0.0,C
2021,12,6,0.0,C
2021,12,7,0.0,C
2021,12,8,0.0,C
2021,12,9,0.0,C
2021,12,10,0.0,C
2021,12,11,0.0,C
2021,12,12,0.0,C
2021,12,13,0.0,C
2021,12,14,0.5,C
2021,12,15,1.0,C
2021,12,16,0.5,C
2021,12,17,0.0,C
2021,12,18,0.0,C
2021,12,19,0.0,C
2021,12,20,10.0,C
2021,12,21,5.0,C
2021,12,22,0.0,C
2021,12,23,0.5,C
2021,12,24,2.0,C
2021,12,25,0.5,C
2021,12,26,3.0,C
2021,12,27,2.0,C
2021,12,28,0.0,C
2021,12,29,0.0,C
2021,12,30,0.0,C
2021,12,31,0.0,C
2022,1,1,0.0,C
2022,1,2,0.0,C
2022,1,3,0.0,C
2022,1,4,0.5,C
2022,1,5,0.5,C
2022,1,6,0.0,C
2022,1,7,0.0,C
2022,1,8,0.0,C
2022,1,9,0.0,C
2022,1,10,0.0,C
2022,1,11,1.5,C
2022,1,12,0.0,C
2022,1,13,0.0,C
2022,1,14,0.0,C
2022,1,15,0.0,C
2022,1,16,0.0,C
2022,1,17,0.0,C
2022,1,18,0.0,C
2022,1,19,0.0,C
2022,1,20,0.0,C
2022,1,21,0.0,C
2022,1,22,4.0,C
2022,1,23,0.0,C
2022,1,24,1.5,C
2022,1,25,0.0,C
2022,1,26,0.0,C
2022,1,27,0.0,C
2022,1,28,0.5,C
2022,1,29,0.0,C
2022,1,30,0.0,C
2022,1,31,0.0,C
2022,2,1,2.5,C
2022,2,2,1.5,C
2022,2,3,0.5,C
2022,2,4,0.0,C
2022,2,5,0.0,C
2022,2,6,0.0,C
2022,2,7,0.0,C
2022,2,8,0.0,C
2022,2,9,0.0,C
2022,2,10,0.0,C
2022,2,11,0.0,C
2022,2,12,0.0,C
2022,2,13,1.5,C
2022,2,14,1.5,C
2022,2,15,0.0,C
2022,2,16,0.0,C
2022,2,17,4.5,C
2022,2,18,0.0,C
2022,2,19,25.5,#
2022,2,20,41.0,C
2022,2,21,38.5,C
2022,2,22,6.5,#
2022,2,23,***,
2022,2,24,0.0,#
2022,2,25,0.0,C
2022,2,26,0.0,C
2022,2,27,0.0,C
2022,2,28,0.0,C
2022,3,1,0.0,C
2022,3,2,0.0,C
2022,3,3,0.0,C
2022,3,4,0.0,C
2022,3,5,0.0,C
2022,3,6,0.0,C
2022,3,7,6.0,C
2022,3,8,0.0,C
2022,3,9,0.0,C
2022,3,10,0.0,C
2022,3,11,0.0,C
2022,3,12,0.0,C
2022,3,13,0.0,C
2022,3,14,0.0,C
2022,3,15,0.0,C
2022,3,16,0.0,C
2022,3,17,1.0,C
2022,3,18,0.0,C
2022,3,19,0.0,C
2022,3,20,3.5,C
2022,3,21,0.5,C
2022,3,22,1.0,C
2022,3,23,62.5,C
2022,3,24,3.5,C
2022,3,25,5.5,C
2022,3,26,0.5,C
2022,3,27,0.0,C
2022,3,28,40.5,C
2022,3,29,0.0,C
2022,3,30,0.0,#
2022,3,31,0.0,#
2022,4,1,2.0,C
2022,4,2,1.5,C
2022,4,3,0.5,#
2022,4,4,0.0,C
2022,4,5,0.0,#
2022,4,6,0.0,C
2022,4,7,0.0,C
2022,4,8,0.0,C
2022,4,9,0.0,C
2022,4,10,0.0,C
2022,4,11,0.0,C
2022,4,12,0.0,C
2022,4,13,0.0,C
2022,4,14,1.0,C
2022,4,15,0.0,C
2022,4,16,0.0,C
2022,4,17,0.0,C
2022,4,18,0.0,C
2022,4,19,2.0,C
2022,4,20,0.0,C
2022,4,21,0.0,C
2022,4,22,0.0,C
2022,4,23,0.0,C
2022,4,24,0.0,C
2022,4,25,0.0,C
2022,4,26,0.0,C
2022,4,27,0.0,C
2022,4,28,0.0,C
2022,4,29,0.0,C
2022,4,30,1.0,C
2022,5,1,36.5,C
2022,5,2,25.5,C
2022,5,3,0.0,C
2022,5,4,0.0,C
2022,5,5,0.0,C
2022,5,6,0.0,C
2022,5,7,1.5,C
2022,5,8,0.0,C
2022,5,9,0.0,C
2022,5,10,27.0,C
2022,5,11,110.0,C
2022,5,12,159.0,C
2022,5,13,68.5,C
2022,5,14,10.5,C
2022,5,15,34.0,C
2022,5,16,3.5,C
2022,5,17,0.5,C
2022,5,18,0.0,#
2022,5,19,0.0,#
2022,5,20,0.0,C
2022,5,21,0.0,C
2022,5,22,0.0,C
2022,5,23,5.0,C
2022,5,24,7.0,C
2022,5,25,1.0,C
2022,5,26,25.5,C
2022,5,27,21.0,C
2022,5,28,2.0,C
2022,5,29,0.0,C
2022,5,30,1.5,C
2022,5,31,4.0,C
2022,6,1,7.0,C
2022,6,2,1.5,C
2022,6,3,5.5,C
2022,6,4,2.0,C
2022,6,5,0.5,C
2022,6,6,29.0,C
2022,6,7,51.0,C
2022,6,8,149.0,C
2022,6,9,32.5,C
2022,6,10,19.0,C
2022,6,11,59.5,C
2022,6,12,2.5,C
2022,6,13,0.0,C
2022,6,14,56.0,C
2022,6,15,8.0,C
2022,6,16,4.0,C
2022,6,17,1.0,C
2022,6,18,0.0,C
2022,6,19,1.0,C
2022,6,20,1.5,C
2022,6,21,0.0,C
2022,6,22,0.0,C
2022,6,23,0.0,C
2022,6,24,0.0,C
2022,6,25,0.0,C
2022,6,26,0.0,C
2022,6,27,0.0,C
2022,6,28,0.0,C
2022,6,29,2.5,C
2022,6,30,45.5,C
2022,7,1,33.0,C
2022,7,2,25.0,C
2022,7,3,1.0,C
2022,7,4,0.0,C
2022,7,5,4.0,C
2022,7,6,2.5,C
2022,7,7,24.0,C
2022,7,8,0.0,C
2022,7,9,0.0,C
2022,7,10,0.0,C
2022,7,11,0.0,C
2022,7,12,0.0,C
2022,7,13,0.0,C
2022,7,14,0.0,C
2022,7,15,0.0,C
2022,7,16,5.5,C
2022,7,17,0.0,C
2022,7,18,1.5,C
2022,7,19,2.5,C
2022,7,20,1.0,C
2022,7,21,0.0,C
2022,7,22,0.0,C
2022,7,23,0.0,C
2022,7,24,0.0,C
2022,7,25,0.0,C
2022,7,26,0.0,C
2022,7,27,0.0,C
2022,7,28,0.0,C
2022,7,29,0.0,C
2022,7,30,37.0,C
2022,7,31,0.0,C
2022,8,1,0.0,C
2022,8,2,11.5,C
2022,8,3,1.5,C
2022,8,4,23.5,C
2022,8,5,123.5,C
2022,8,6,1.0,C
2022,8,7,5.5,C
2022,8,8,12.5,C
2022,8,9,37.0,C
2022,8,10,22.5,C
2022,8,11,17.5,C
2022,8,12,36.5,C
2022,8,13,0.5,C
2022,8,14,0.0,C
2022,8,15,0.0,C
2022,8,16,3.0,C
2022,8,17,7.5,C
2022,8,18,9.0,C
2022,8,19,18.0,C
2022,8,20,7.0,C
2022,8,21,2.5,C
2022,8,22,0.0,C
2022,8,23,0.0,C
2022,8,24,2.5,C
2022,8,25,42.5,C
2022,8,26,0.0,C
2022,8,27,0.0,C
2022,8,28,0.0,C
2022,8,29,0.0,C
2022,8,30,0.0,C
2022,8,31,0.0,C
2022,9,1,3.5,C
2022,9,2,0.0,C
2022,9,3,0.0,C
2022,9,4,0.0,C
2022,9,5,0.0,C
2022,9,6,0.0,C
2022,9,7,4.0,C
2022,9,8,0.0,C
2022,9,9,0.0,C
2022,9,10,0.0,C
2022,9,11,0.0,C
2022,9,12,0.0,C
2022,9,13,0.0,C
2022,9,14,0.0,C
2022,9,15,0.0,C
2022,9,16,0.0,C
2022,9,17,0.0,C
2022,9,18,0.5,C
2022,9,19,4.5,C
2022,9,20,3.0,C
2022,9,21,0.5,C
2022,9,22,0.0,C
2022,9,23,1.0,C
2022,9,24,0.0,C
2022,9,25,0.0,C
2022,9,26,0.0,C
2022,9,27,0.0,C
2022,9,28,0.0,C
2022,9,29,8.5,C
2022,9,30,72.0,C
2022,10,1,0.0,C
2022,10,2,0.5,C
2022,10,3,0.0,C
2022,10,4,0.0,C
2022,10,5,0.0,C
2022,10,6,0.0,C
2022,10,7,13.0,C
2022,10,8,0.0,C
2022,10,9,0.5,C
2022,10,10,0.0,C
2022,10,11,0.0,C
2022,10,12,0.0,C
2022,10,13,0.0,C
2022,10,14,0.0,C
2022,10,15,0.0,C
2022,10,16,0.0,C
2022,10,17,0.0,C
2022,10,18,13.5,C
2022,10,19,0.0,C
2022,10,20,0.0,C
2022,10,21,0.0,C
2022,10,22,0.0,C
2022,10,23,0.0,C
2022,10,24,0.0,C
2022,10,25,0.0,C
2022,10,26,0.0,C
2022,10,27,0.0,C
2022,10,28,0.0,C
2022,10,29,0.0,C
2022,10,30,0.0,C
2022,10,31,0.0,C
2022,11,1,0.0,#
2022,11,2,***,
2022,11,3,0.0,#
2022,11,4,0.0,C
2022,11,5,0.0,C
2022,11,6,0.0,#
2022,11,7,0.0,#
2022,11,8,0.0,#
2022,11,9,0.0,C
2022,11,10,0.0,C
2022,11,11,0.0,C
2022,11,12,0.0,C
2022,11,13,0.0,C
2022,11,14,0.0,C
2022,11,15,0.0,C
2022,11,16,0.0,C
2022,11,17,0.0,C
2022,11,18,0.0,C
2022,11,19,0.0,C
2022,11,20,0.0,C
2022,11,21,1.0,C
2022,11,22,1.5,C
2022,11,23,12.5,C
2022,11,24,9.5,C
2022,11,25,6.0,C
2022,11,26,0.5,C
2022,11,27,2.5,C
2022,11,28,2.0,C
2022,11,29,0.0,C
2022,11,30,0.5,C
2022,12,1,0.0,C
2022,12,2,0.0,C
2022,12,3,0.0,C
2022,12,4,0.0,C
2022,12,5,0.0,C
2022,12,6,0.0,C
2022,12,7,0.0,C
2022,12,8,0.0,C
2022,12,9,0.0,C
2022,12,10,0.0,C
2022,12,11,0.0,C
2022,12,12,0.0,C
2022,12,13,3.0,C
2022,12,14,8.5,C
2022,12,15,4.0,C
2022,12,16,4.0,C
2022,12,17,3.5,C
2022,12,18,0.0,C
2022,12,19,0.0,C
2022,12,20,0.0,C
2022,12,21,0.5,C
2022,12,22,0.0,C
2022,12,23,0.0,C
2022,12,24,0.0,C
2022,12,25,0.0,C
2022,12,26,0.0,C
2022,12,27,0.0,C
2022,12,28,0.0,C
2022,12,29,0.0,C
2022,12,30,0.0,C
2022,12,31,0.0,C
2023,1,1,0.0,C
2023,1,2,0.0,C
2023,1,3,0.5,C
2023,1,4,0.0,C
2023,1,5,0.0,C
2023,1,6,0.0,C
2023,1,7,0.0,C
2023,1,8,0.0,C
2023,1,9,0.0,C
2023,1,10,4.0,C
2023,1,11,3.0,C
2023,1,12,2.0,C
2023,1,13,3.0,C
2023,1,14,3.5,C
2023,1,15,0.0,C
2023,1,16,0.0,C
2023,1,17,0.0,C
2023,1,18,0.0,C
2023,1,19,0.0,C
2023,1,20,0.0,C
2023,1,21,0.0,C
2023,1,22,0.5,C
2023,1,23,0.5,C
2023,1,24,0.0,C
2023,1,25,0.0,C
2023,1,26,0.0,C
2023,1,27,0.0,C
2023,1,28,0.0,C
2023,1,29,0.0,C
2023,1,30,0.0,C
2023,1,31,0.0,C
2023,2,1,0.0,C
2023,2,2,0.0,C
2023,2,3,0.0,C
2023,2,4,1.0,C
2023,2,5,0.0,C
2023,2,6,0.0,C
2023,2,7,0.5,C
2023,2,8,0.0,C
2023,2,9,0.0,C
2023,2,10,0.0,C
2023,2,11,1.0,C
2023,2,12,0.5,C
2023,2,13,0.0,C
2023,2,14,0.0,C
2023,2,15,0.0,C
2023,2,16,0.0,C
2023,2,17,0.0,C
2023,2,18,0.0,C
2023,2,19,0.0,C
2023,2,20,0.0,C
2023,2,21,0.0,C
2023,2,22,0.0,C
2023,2,23,0.0,C
2023,2,24,0.0,C
2023,2,25,0.0,#
2023,2,26,0.0,C
2023,2,27,0.0,C
2023,2,28,0.0,C
2023,3,1,0.0,C
2023,3,2,0.0,C
2023,3,3,0.0,C
2023,3,4,0.0,C
2023,3,5,0.0,C
2023,3,6,0.0,C
2023,3,7,0.0,C
2023,3,8,0.0,C
2023,3,9,0.0,C
2023,3,10,0.0,C
2023,3,11,0.0,C
2023,3,12,0.0,C
2023,3,13,0.0,C
2023,3,14,0.0,C
2023,3,15,0.0,C
2023,3,16,0.5,C
2023,3,17,0.0,C
2023,3,18,0.0,C
2023,3,19,0.5,C
2023,3,20,0.0,C
2023,3,21,0.0,C
2023,3,22,0.0,C
2023,3,23,0.0,C
2023,3,24,0.0,C
2023,3,25,30.0,C
2023,3,26,5.0,#
2023,3,27,3.0,C
2023,3,28,0.5,C
2023,3,29,0.5,#
2023,3,30,0.0,#
2023,3,31,3.5,C
2023,4,1,0.5,C
2023,4,2,6.5,C
2023,4,3,2.0,C
2023,4,4,2.5,C
2023,4,5,11.5,C
2023,4,6,7.5,C
2023,4,7,4.5,C
2023,4,8,0.0,C
2023,4,9,0.5,C
2023,4,10,0.0,C
2023,4,11,0.0,C
2023,4,12,0.0,C
2023,4,13,0.0,C
2023,4,14,0.0,C
2023,4,15,0.0,#
2023,4,16,***,
2023,4,17,***,
2023,4,18,2.0,#
2023,4,19,14.0,C
2023,4,20,18.5,C
2023,4,21,3.0,C
2023,4,22,0.5,C
2023,4,23,0.0,C
2023,4,24,0.5,C
2023,4,25,2.0,C
2023,4,26,0.0,C
2023,4,27,0.0,C
2023,4,28,0.0,C
2023,4,29,1.5,C
2023,4,30,0.0,C
2023,5,1,0.0,C
2023,5,2,0.0,C
2023,5,3,0.0,C
2023,5,4,0.0,C
2023,5,5,0.0,C
2023,5,6,0.0,C
2023,5,7,22.5,C
2023,5,8,11.5,C
2023,5,9,0.5,C
2023,5,10,0.0,C
2023,5,11,0.0,C
2023,5,12,0.0,C
2023,5,13,6.5,C
2023,5,14,28.5,C
2023,5,15,0.0,C
2023,5,16,1.5,C
2023,5,17,15.0,C
2023,5,18,0.0,C
2023,5,19,0.0,C
2023,5,20,0.0,C
2023,5,21,0.0,C
2023,5,22,0.0,C
2023,5,23,2.5,C
2023,5,24,1.5,C
2023,5,25,0.0,C
2023,5,26,0.0,C
2023,5,27,0.0,C
2023,5,28,0.0,C
2023,5,29,0.0,C
2023,5,30,0.0,C
2023,5,31,0.0,C
2023,6,1,14.5,C
2023,6,2,0.0,C
2023,6,3,0.0,C
2023,6,4,0.0,C
2023,6,5,0.0,C
2023,6,6,18.0,C
2023,6,7,6.5,C
2023,6,8,2.5,C
2023,6,9,2.5,C
2023,6,10,17.0,C
2023,6,11,4.5,C
2023,6,12,0.0,C
2023,6,13,15.5,C
2023,6,14,13.0,#
2023,6,15,0.5,#
2023,6,16,21.0,C
2023,6,17,83.0,C
2023,6,18,10.5,C
2023,6,19,2.0,C
2023,6,20,0.0,C
2023,6,21,0.0,C
2023,6,22,0.0,C
2023,6,23,0.0,C
2023,6,24,0.0,C
2023,6,25,0.0,C
2023,6,26,0.0,C
2023,6,27,0.0,C
2023,6,28,0.0,C
2023,6,29,0.0,C
2023,6,30,0.0,C
2023,7,1,0.0,C
2023,7,2,0.0,C
2023,7,3,0.0,C
2023,7,4,0.0,C
2023,7,5,0.0,C
2023,7,6,0.0,C
2023,7,7,0.0,C
2023,7,8,0.0,C
2023,7,9,0.0,C
2023,7,10,0.0,C
2023,7,11,0.0,#
2023,7,12,0.0,C
2023,7,13,0.0,C
2023,7,14,0.0,C
2023,7,15,6.0,C
2023,7,16,3.0,C
2023,7,17,15.0,C
2023,7,18,15.0,C
2023,7,19,1.0,C
2023,7,20,7.5,C
2023,7,21,0.0,C
2023,7,22,0.0,C
2023,7,23,0.0,C
2023,7,24,3.0,C
2023,7,25,0.0,C
2023,7,26,0.0,C
2023,7,27,5.5,C
2023,7,28,0.0,C
2023,7,29,25.0,C
2023,7,30,0.0,C
2023,7,31,8.5,C
2023,8,1,0.0,C
2023,8,2,0.0,C
2023,8,3,0.0,C
2023,8,4,1.5,C
2023,8,5,5.0,C
2023,8,6,0.5,C
2023,8,7,14.0,C
2023,8,8,0.0,C
2023,8,9,0.0,C
2023,8,10,10.5,C
2023,8,11,16.0,C
2023,8,12,2.5,C
2023,8,13,16.5,C
2023,8,14,15.5,C
2023,8,15,0.5,C
2023,8,16,0.0,C
2023,8,17,0.0,C
2023,8,18,39.5,C
2023,8,19,0.0,C
2023,8,20,16.0,C
2023,8,21,0.5,C
2023,8,22,0.5,C
2023,8,23,0.0,C
2023,8,24,25.0,C
2023,8,25,2.0,C
2023,8,26,0.0,C
2023,8,27,3.5,C
2023,8,28,3.0,C
2023,8,29,2.0,C
2023,8,30,0.0,C
2023,8,31,0.0,C
2023,9,1,82.0,C
2023,9,2,17.0,C
2023,9,3,0.0,C
2023,9,4,0.5,C
2023,9,5,0.5,C
2023,9,6,1.0,C
2023,9,7,41.0,C
2023,9,8,101.0,C
2023,9,9,6.0,C
2023,9,10,39.0,C
2023,9,11,42.0,C
2023,9,12,20.5,C
2023,9,13,0.0,C
2023,9,14,19.5,C
2023,9,15,35.5,C
2023,9,16,4.0,C
2023,9,17,0.0,C
2023,9,18,0.5,C
2023,9,19,0.0,C
2023,9,20,0.0,C
2023,9,21,0.0,C
2023,9,22,0.0,C
2023,9,23,0.0,C
2023,9,24,0.0,C
2023,9,25,0.0,C
2023,9,26,0.0,C
2023,9,27,0.0,C
2023,9,28,0.0,C
2023,9,29,0.5,C
2023,9,30,0.0,C
2023,10,1,0.0,C
2023,10,2,1.5,C
2023,10,3,0.0,C
2023,10,4,0.0,C
2023,10,5,0.0,C
2023,10,6,0.0,C
2023,10,7,0.0,#
2023,10,8,65.5,C
2023,10,9,201.0,C
2023,10,10,0.5,C
2023,10,11,0.0,C
2023,10,12,0.0,C
2023,10,13,0.0,C
2023,10,14,0.0,C
2023,10,15,0.0,C
2023,10,16,0.0,C
2023,10,17,0.0,C
2023,10,18,18.0,C
2023,10,19,12.5,C
2023,10,20,0.0,C
2023,10,21,0.0,C
2023,10,22,0.5,C
2023,10,23,0.0,C
2023,10,24,0.0,C
2023,10,25,0.0,C
2023,10,26,0.0,C
2023,10,27,0.0,C
2023,10,28,1.0,C
2023,10,29,0.5,C
2023,10,30,0.0,C
2023,10,31,0.0,C
2023,11,1,0.0,C
2023,11,2,0.0,C
2023,11,3,0.0,C
2023,11,4,0.0,C
2023,11,5,0.0,C
2023,11,6,0.0,C
2023,11,7,0.0,C
2023,11,8,0.0,C
2023,11,9,0.0,C
2023,11,10,0.0,C
2023,11,11,0.0,C
2023,11,12,1.0,C
2023,11,13,0.0,C
2023,11,14,0.0,C
2023,11,15,0.0,C
2023,11,16,0.0,C
2023,11,17,0.0,C
2023,11,18,0.0,C
2023,11,19,0.0,C
2023,11,20,0.0,C
2023,11,21,0.0,C
2023,11,22,0.0,C
2023,11,23,0.0,C
2023,11,24,0.0,C
2023,11,25,0.0,C
2023,11,26,0.0,C
2023,11,27,0.5,C
2023,11,28,0.0,C
2023,11,29,0.0,C
2023,11,30,0.0,C
2023,12,1,0.0,C
2023,12,2,0.0,C
2023,12,3,0.0,C
2023,12,4,0.0,C
2023,12,5,0.0,C
2023,12,6,0.0,C
2023,12,7,0.0,C
2023,12,8,0.0,C
2023,12,9,0.0,C
2023,12,10,0.0,C
2023,12,11,0.5,C
2023,12,12,0.0,C
2023,12,13,0.5,C
2023,12,14,0.0,C
2023,12,15,0.5,C
2023,12,16,0.0,C
2023,12,17,0.0,C
2023,12,18,0.0,C
2023,12,19,0.0,C
2023,12,20,0.0,C
2023,12,21,0.0,C
2023,12,22,0.0,C
2023,12,23,1.0,C
2023,12,24,0.0,C
2023,12,25,0.0,C
2023,12,26,0.0,C
2023,12,27,0.0,C
2023,12,28,0.0,C
2023,12,29,0.0,C
2023,12,30,0.0,C
2023,12,31,0.0,C
2024,1,1,0.0,C
2024,1,2,0.0,C
2024,1,3,0.0,C
2024,1,4,0.0,C
2024,1,5,0.0,C
2024,1,6,0.0,C
2024,1,7,0.0,C
2024,1,8,0.0,C
2024,1,9,0.0,C
2024,1,10,0.0,C
2024,1,11,0.0,C
2024,1,12,0.0,C
2024,1,13,0.0,C
2024,1,14,0.0,C
2024,1,15,0.0,C
2024,1,16,0.0,C
2024,1,17,0.0,C
2024,1,18,0.0,C
2024,1,19,0.0,C
2024,1,20,0.0,C
2024,1,21,0.0,C
2024,1,22,0.0,C
2024,1,23,3.5,C
2024,1,24,0.0,C
2024,1,25,0.0,C
2024,1,26,0.0,C
2024,1,27,0.5,C
2024,1,28,0.5,C
2024,1,29,0.0,C
2024,1,30,1.0,C
2024,1,31,0.0,C
2024,2,1,0.5,C
2024,2,2,0.0,C
2024,2,3,0.0,C
2024,2,4,1.0,C
2024,2,5,0.0,C
2024,2,6,1.0,C
2024,2,7,1.0,C
2024,2,8,1.5,C
2024,2,9,0.5,C
2024,2,10,0.5,C
2024,2,11,0.0,C
2024,2,12,0.0,C
2024,2,13,0.0,C
2024,2,14,0.0,C
2024,2,15,0.0,C
2024,2,16,0.0,C
2024,2,17,0.0,#
2024,2,18,***,
2024,2,19,0.0,C
2024,2,20,0.0,C
2024,2,21,0.0,C
2024,2,22,0.0,C
2024,2,23,0.0,C
2024,2,24,0.0,C
2024,2,25,0.0,C
2024,2,26,0.5,C
2024,2,27,0.0,C
2024,2,28,0.0,C
2024,2,29,0.5,C