year,month,day,mean_windspeed,wind_direction,mean_tempurature,humidity,rainfall,duration,color
2019,1,1,18.4,360,12.3,65,Trace,0,Green
2019,1,2,16.5,350,13.5,65,Trace,0,Green
2019,1,3,9.2,360,14.7,77,Trace,0,Green
2019,1,4,14.4,320,17.9,84,0.3,0,Green
2019,1,5,12.6,320,18,89,Trace,0,Green
2019,1,6,14.9,330,17.7,79,Trace,0,Green
2019,1,7,12.5,90,18.6,77,0,0,Green
2019,1,8,16.3,320,18.3,82,Trace,0,Green
2019,1,9,17,100,18.6,75,0,0,Green
2019,1,10,12.7,80,19.7,78,0.3,0,Green
2019,1,11,9.2,270,21,80,0,0,Green
2019,1,12,8.9,310,20.2,80,0,0,Green
2019,1,13,15.6,100,19.8,82,0,0,Green
2019,1,14,15.4,90,19.5,79,Trace,0,Green
2019,1,15,12.6,70,19.4,83,0.8,0,Green
2019,1,16,18.4,360,16.5,64,0,0,Green
2019,1,17,14.3,10,16.2,62,0,0,Green
2019,1,18,11.8,60,16.9,67,0,0,Green
2019,1,19,13.2,70,19.6,69,Trace,0,Green
2019,1,20,12.8,60,20.9,72,Trace,0,Green
2019,1,21,17.2,40,17.6,57,0,0,Green
2019,1,22,18.5,20,15.6,44,0,0,Green
2019,1,23,10.8,60,15.8,48,0,0,Green
2019,1,24,14,80,17.7,61,0,0,Green
2019,1,25,11.9,270,19.3,56,0,0,Green
2019,1,26,12.9,100,19.1,58,0,0,Green
2019,1,27,16.3,90,17.5,63,0,0,Green
2019,1,28,15.8,80,18.5,60,0,0,Green
2019,1,29,17.2,100,19.5,58,0,0,Green
2019,1,30,16.5,80,20.2,67,0,0,Green
2019,1,31,10.5,260,21.6,72,0,0,Green
2019,2,1,16.3,40,18.7,60,Trace,0,Green
2019,2,2,22.8,70,19.6,75,0,0,Green
2019,2,3,10.1,60,22.1,77,Trace,0,Green
2019,2,4,13.4,90,21.9,78,0,0,Green
2019,2,5,20.1,80,21.6,75,0,0,Green
2019,2,6,14.2,150,23.1,78,0,0,Green
2019,2,7,19.4,150,24,71,Trace,0,Green
2019,2,8,20.5,90,23.3,77,Trace,0,Green
2019,2,9,35.2,80,21.2,81,Trace,0,Green
2019,2,10,30,80,19.5,81,Trace,0,Green
2019,2,11,15.3,320,17.8,81,Trace,0,Green
2019,2,12,12.4,50,19.1,78,0.2,0,Green
2019,2,13,11.5,60,21.6,73,0,0,Green
2019,2,14,22.7,90,21.7,76,0,0,Green
2019,2,15,21.8,80,21.7,77,Trace,0,Green
2019,2,16,16.8,60,23.3,72,0,0,Green
2019,2,17,32.2,90,20.1,79,0,0,Green
2019,2,18,26,90,18.7,84,30.4,0,Green
2019,2,19,19,80,22.4,81,21.4,110,Amber
2019,2,20,18.6,150,24,85,0.6,0,Green
2019,2,21,22,80,23.3,82,Trace,0,Green
2019,2,22,17.1,320,19.2,79,Trace,0,Green
2019,2,23,25.7,90,17.6,84,6.7,0,Green
2019,2,24,16.1,350,15.5,80,3.2,0,Green
2019,2,25,13.1,330,16.4,81,Trace,0,Green
2019,2,26,21.1,80,19.3,83,0.2,0,Green
2019,2,27,21.3,80,22.4,76,Trace,0,Green
2019,2,28,13.1,70,23.4,77,0,0,Green
2019,3,1,24.3,90,22,81,Trace,0,Green
2019,3,2,20.6,90,23.1,78,0,0,Green
2019,3,3,12.6,80,21.9,79,2.9,0,Green
2019,3,4,18.9,90,21.6,76,7.8,0,Green
2019,3,5,23,150,23.7,79,22.5,0,Green
2019,3,6,17.4,80,21.5,89,58.6,345,Amber
2019,3,7,17.2,40,17.9,90,30.2,0,Green
2019,3,8,26.8,80,17.4,86,6.9,0,Green
2019,3,9,19.5,320,18.2,91,5.2,0,Green
2019,3,10,15.5,340,17.3,85,2.3,0,Green
2019,3,11,11.7,350,18.1,75,3.9,0,Green
2019,3,12,13.9,100,20.4,69,0,0,Green
2019,3,13,23.1,80,22.2,64,Trace,0,Green
2019,3,14,21.9,90,20.7,80,20,0,Green
2019,3,15,15.1,40,18.6,76,0.8,0,Green
2019,3,16,18.8,90,21.2,57,Trace,0,Green
2019,3,17,25.3,90,22.1,69,0,0,Green
2019,3,18,18.1,60,22.3,77,0,0,Green
2019,3,19,13.4,100,23.8,78,Trace,0,Green
2019,3,20,19.3,150,24.8,79,Trace,0,Green
2019,3,21,14.3,200,25.7,76,0,0,Green
2019,3,22,12.9,140,26.1,78,Trace,0,Green
2019,3,23,24,90,20.2,87,4.6,0,Green
2019,3,24,19.5,90,17.5,87,0.9,0,Green
2019,3,25,13.8,320,19.7,85,0.5,0,Green
2019,3,26,18.7,90,22.9,78,0,0,Green
2019,3,27,18.7,80,23.5,77,0,0,Green
2019,3,28,10,340,24.8,78,Trace,0,Green
2019,3,29,13,220,25.1,80,3,0,Green
2019,3,30,17.6,90,24,80,Trace,0,Green
2019,3,31,36.5,90,22.9,76,0,0,Green
2019,4,1,25.2,100,21.1,74,Trace,0,Green
2019,4,2,25.7,90,22.1,69,0,0,Green
2019,4,3,19,100,24.3,71,Trace,0,Green
2019,4,4,22.1,90,23.2,73,0,0,Green
2019,4,5,10.3,240,24.4,71,0,0,Green
2019,4,6,11.5,220,25.8,70,0,0,Green
2019,4,7,11.5,230,26.4,74,0,0,Green
2019,4,8,11.6,40,26.7,78,Trace,0,Green
2019,4,9,14.5,190,27.2,74,0,0,Green
2019,4,10,13.8,230,27.8,73,0,0,Green
2019,4,11,12.5,210,27.6,74,0.9,155,Amber
2019,4,12,26.6,90,23,85,14.9,0,Green
2019,4,13,31.8,90,22.5,85,0.4,0,Green
2019,4,14,20.9,90,23.9,84,12.3,0,Green
2019,4,15,26.8,90,23.4,77,Trace,0,Green
2019,4,16,18,80,22.1,85,9.2,0,Green
2019,4,17,10.6,80,24.2,78,0,0,Green
2019,4,18,23.8,100,24.9,81,5.2,100,Amber
2019,4,19,22.8,80,25.5,82,19.8,430,Amber
2019,4,20,20.8,60,25.1,85,55.6,140,Red
2019,4,21,19.1,180,27.9,80,Trace,0,Green
2019,4,22,15.5,200,28.4,76,0,0,Green
2019,4,23,14,230,28.5,75,0,0,Green
2019,4,24,15.1,210,28.5,72,0,0,Green
2019,4,25,17.7,220,29.3,69,0,0,Green
2019,4,26,13.3,50,28.7,75,0,0,Green
2019,4,27,24.8,100,25.7,80,27.6,210,Amber
2019,4,28,25.4,90,25.8,80,Trace,0,Green
2019,4,29,19.4,100,27.3,77,0,0,Green
2019,4,30,14.7,150,27.3,75,Trace,0,Green
2019,5,1,19.3,320,24.9,74,Trace,0,Green
2019,5,2,16,40,22.7,81,3.5,0,Green
2019,5,3,18.3,100,22.5,75,8.1,0,Green
2019,5,4,29.2,90,23.2,71,7.4,0,Green
2019,5,5,31.9,90,22.7,88,6.6,0,Green
2019,5,6,21.4,90,22.9,84,15.5,0,Green
2019,5,7,22.1,90,21.3,83,14.3,0,Green
2019,5,8,20.4,80,21.2,84,22.1,0,Green
2019,5,9,11.4,50,23.2,85,4.9,0,Green
2019,5,10,9.8,70,25,82,0,0,Green
2019,5,11,15.4,80,26.5,68,0,0,Green
2019,5,12,19.9,90,27,67,0,0,Green
2019,5,13,19.1,80,27.1,80,0,0,Green
2019,5,14,12,150,28,79,0,0,Green
2019,5,15,14.3,200,29.2,78,0,0,Green
2019,5,16,24,220,30.4,74,0,0,Green
2019,5,17,25.5,210,30.5,74,0,0,Green
2019,5,18,21.7,220,31,71,Trace,0,Green
2019,5,19,19.2,200,31.2,72,0,0,Green
2019,5,20,14.2,230,29.8,78,1.9,155,Amber
2019,5,21,22.1,100,26,76,6.8,130,Amber
2019,5,22,14.6,80,26.8,75,Trace,0,Green
2019,5,23,21.5,90,27.5,80,0.3,0,Green
2019,5,24,27.7,90,26.5,82,0.1,0,Green
2019,5,25,20.5,100,28.3,78,Trace,0,Green
2019,5,26,15.6,130,27.5,82,19.3,135,Amber
2019,5,27,12.2,60,26.8,87,51.4,315,Amber
2019,5,28,12.3,70,26.5,86,63.3,130,Amber
2019,5,29,27.9,100,25.9,83,0.1,0,Green
2019,5,30,28.6,90,25.2,84,1.1,0,Green
2019,5,31,12.8,80,26.6,86,20.4,0,Green
2019,6,1,17.9,220,28.3,78,14.6,115,Amber
2019,6,2,16.1,230,27.9,79,8.9,0,Green
2019,6,3,18.3,220,28.6,76,25.2,0,Green
2019,6,4,11.8,210,28.6,82,26.3,100,Amber
2019,6,5,15.3,150,29.8,76,0.1,0,Green
2019,6,6,15.6,190,30.4,73,0,0,Green
2019,6,7,16.9,200,30.6,70,0,0,Green
2019,6,8,19,220,30.7,71,Trace,0,Green
2019,6,9,24.5,220,30.5,74,4,0,Green
2019,6,10,23.4,220,29.8,76,1.7,0,Green
2019,6,11,14,40,27.9,87,34.1,215,Amber
2019,6,12,15.1,80,29.2,82,2.6,0,Green
2019,6,13,17.5,220,28.7,81,56.3,350,Amber
2019,6,14,14.1,330,28.9,71,0.6,100,Amber
2019,6,15,15.8,100,29.4,64,0,0,Green
2019,6,16,26.4,100,28.9,71,0,0,Green
2019,6,17,23.2,100,29,78,1,0,Green
2019,6,18,14.2,150,29.5,79,18.9,0,Green
2019,6,19,12.5,170,30.1,77,5.3,0,Green
2019,6,20,15.5,200,30.9,72,Trace,0,Green
2019,6,21,22.8,210,31.4,71,Trace,0,Green
2019,6,22,22.2,220,31.4,72,0,0,Green
2019,6,23,21.8,220,30.9,74,Trace,0,Green
2019,6,24,19.7,210,29.2,81,13.9,0,Green
2019,6,25,11,60,28.2,83,9.3,140,Amber
2019,6,26,11.8,240,29.2,80,5.8,0,Green
2019,6,27,13.1,220,31.1,75,0,0,Green
2019,6,28,12.6,190,31,76,2,0,Green
2019,6,29,14.3,200,30.9,76,13.4,0,Green
2019,6,30,12.7,280,29.9,81,19.1,0,Green
2019,7,1,16.8,100,31,73,0.1,0,Green
2019,7,2,20.4,100,30,76,19.4,0,Green
2019,7,3,19.7,80,27.8,86,86.8,120,Amber
2019,7,4,19.9,180,29.7,76,6.6,0,Green
2019,7,5,20.8,200,30,74,2.4,0,Green
2019,7,6,21.1,210,30.4,74,0.4,0,Green
2019,7,7,22.1,200,30.2,75,4.4,0,Green
2019,7,8,22.1,200,30.8,72,0.3,0,Green
2019,7,9,25.4,210,30.5,74,0.2,0,Green
2019,7,10,17.4,220,28.7,83,29.9,0,Green
2019,7,11,12,210,29.4,81,6,0,Green
2019,7,12,20.1,200,30.7,72,Trace,0,Green
2019,7,13,23.9,210,30.7,71,0,0,Green
2019,7,14,21.2,210,30.8,73,Trace,0,Green
2019,7,15,13.3,150,31,72,0,0,Green
2019,7,16,10.5,250,31,71,0,0,Green
2019,7,17,12.5,230,31.5,73,0,0,Green
2019,7,18,11.1,250,32.4,67,Trace,0,Green
2019,7,19,14.2,240,30.3,78,2.9,110,Amber
2019,7,20,14.5,220,28.9,83,12.7,120,Amber
2019,7,21,10.8,220,29.8,78,Trace,0,Green
2019,7,22,11.2,50,29.4,78,0.6,0,Green
2019,7,23,13.8,90,29.9,74,0.2,0,Green
2019,7,24,15.2,150,30.2,77,2.5,0,Green
2019,7,25,13.8,210,30.7,73,Trace,0,Green
2019,7,26,15.1,220,31.2,71,Trace,0,Green
2019,7,27,14.4,230,31.4,69,0,0,Green
2019,7,28,11.9,90,29.4,75,84.9,0,Green
2019,7,29,16,60,30,72,0,0,Green
2019,7,30,24.9,90,29.8,76,8.8,0,Green
2019,7,31,30.5,70,27,85,99.2,330,Red
2019,8,1,32.7,100,27,88,104.8,215,Amber
2019,8,2,25.8,100,28.1,82,45.7,0,Green
2019,8,3,19.8,100,27.7,84,2.9,0,Green
2019,8,4,14,60,29.2,72,Trace,0,Green
2019,8,5,13.1,90,30.3,69,0,0,Green
2019,8,6,10.9,90,30.6,70,0.2,0,Green
2019,8,7,13.1,90,30.8,62,0,0,Green
2019,8,8,13.2,260,30.9,71,7.5,0,Green
2019,8,9,16.2,230,32,70,0,0,Green
2019,8,10,28.8,220,31.4,79,Trace,0,Green
2019,8,11,29.3,220,31.3,76,0,0,Green
2019,8,12,22.4,220,31.2,76,0.4,0,Green
2019,8,13,24,220,31.6,72,0,0,Green
2019,8,14,18,220,30.8,75,15.2,125,Amber
2019,8,15,21.4,230,30.3,74,0.3,0,Green
2019,8,16,18.5,230,30.5,77,30.9,0,Green
2019,8,17,12.8,220,29.1,80,12,115,Amber
2019,8,18,16.6,230,28.6,79,9.5,0,Green
2019,8,19,9.9,270,29.6,77,Trace,0,Green
2019,8,20,14.7,110,30.2,71,0,0,Green
2019,8,21,13.3,170,29.8,70,3.9,0,Green
2019,8,22,10.3,40,30.3,70,0,0,Green
2019,8,23,9.3,60,29.6,76,11.5,0,Green
2019,8,24,12.8,230,31.7,70,0,0,Green
2019,8,25,20.5,230,28.9,81,40.1,0,Green
2019,8,26,16.4,70,27.2,86,86.8,545,Red
2019,8,27,14.9,160,29.9,77,2.2,0,Green
2019,8,28,13.6,100,30.5,73,0,0,Green
2019,8,29,22.9,100,29.7,76,13.2,0,Green
2019,8,30,12.8,70,27.7,82,25.6,0,Green
2019,8,31,15,70,28.1,81,12.3,0,Green
2019,9,1,19.4,60,29.2,74,6.1,0,Green
2019,9,2,20.5,70,27.8,84,38.1,135,Amber
2019,9,3,23.3,40,29,75,0.1,0,Green
2019,9,4,19.1,80,27.8,82,51.9,0,Green
2019,9,5,17.4,100,28.9,77,0.6,0,Green
2019,9,6,12.4,60,30.2,69,Trace,130,Amber
2019,9,7,10,260,30.6,72,0,0,Green
2019,9,8,10.7,160,31,71,0,0,Green
2019,9,9,11,160,30.5,72,0,0,Green
2019,9,10,13.3,110,30.8,68,Trace,0,Green
2019,9,11,10.1,60,30.5,67,0.3,0,Green
2019,9,12,11.5,140,30.7,66,0,0,Green
2019,9,13,13.6,150,30.6,70,0,0,Green
2019,9,14,11.3,150,30,71,Trace,645,Amber
2019,9,15,10.2,60,29.8,70,Trace,0,Green
2019,9,16,10.8,340,29.1,76,13.7,0,Green
2019,9,17,11.4,320,28.3,81,39.1,0,Green
2019,9,18,11.7,150,29.2,75,Trace,0,Green
2019,9,19,14.3,150,29.3,64,Trace,0,Green
2019,9,20,16,340,29.5,49,0,0,Green
2019,9,21,22.8,350,29.5,42,0,0,Green
2019,9,22,20.9,360,28.8,37,0,0,Green
2019,9,23,12.3,60,28.1,50,0,0,Green
2019,9,24,12.2,60,27.9,64,0,0,Green
2019,9,25,11.8,120,27.6,66,0,0,Green
2019,9,26,12.6,110,28,64,0,0,Green
2019,9,27,9.7,120,27.8,66,0,0,Green
2019,9,28,10.9,140,28.1,67,0,0,Green
2019,9,29,10,140,29.1,65,0,0,Green
2019,9,30,11,220,30.4,53,0,0,Green
2019,10,1,10.2,220,30.7,49,0,0,Green
2019,10,2,14.5,210,29.8,64,0,0,Green
2019,10,3,13.6,260,29.2,64,0,0,Green
2019,10,4,11.3,150,28.5,67,0,0,Green
2019,10,5,10.5,150,29.3,61,0,0,Green
2019,10,6,19.6,80,27.3,74,23.8,0,Green
2019,10,7,21.5,100,27.5,77,29.9,0,Green
2019,10,8,16,110,28.9,68,Trace,0,Green
2019,10,9,20.7,110,28.9,66,0,0,Green
2019,10,10,13.7,100,28.3,70,Trace,0,Green
2019,10,11,9.6,250,28.6,67,0,0,Green
2019,10,12,10.6,150,29.2,70,0,0,Green
2019,10,13,12.4,40,27.4,78,6.7,0,Green
2019,10,14,14.5,50,26.6,78,15.4,0,Green
2019,10,15,19.7,110,27.1,63,0.3,0,Green
2019,10,16,18.2,80,26.6,56,0,0,Green
2019,10,17,13.3,40,26.7,61,0,0,Green
2019,10,18,13.6,30,26.7,59,0,0,Green
2019,10,19,12.4,40,26.4,62,0,0,Green
2019,10,20,12.5,70,26.1,66,0,0,Green
2019,10,21,13,150,25.4,66,0,0,Green
2019,10,22,14.8,110,25.6,60,0,0,Green
2019,10,23,16.3,100,26.2,63,0,0,Green
2019,10,24,15.2,60,26.8,63,0,0,Green
2019,10,25,19.3,100,26.8,65,0,0,Green
2019,10,26,19.2,100,26.9,66,0,0,Green
2019,10,27,11.5,40,25.8,70,0,0,Green
2019,10,28,19.5,320,24.9,72,0,0,Green
2019,10,29,17,50,22.9,58,0,0,Green
2019,10,30,16.8,40,24.4,48,0,0,Green
2019,10,31,14.8,40,25.3,54,0,0,Green
2019,11,1,15,60,26.6,65,0,0,Green
2019,11,2,16.4,90,26.2,67,0,0,Green
2019,11,3,9.6,60,26.8,62,0,0,Green
2019,11,4,19.6,40,26.3,39,0,0,Green
2019,11,5,14.7,40,24.5,45,0,0,Green
2019,11,6,12.8,70,24.2,59,0,0,Green
2019,11,7,17.2,40,24.6,46,0,0,Green
2019,11,8,19.8,40,23.9,41,0,0,Green
2019,11,9,16.7,40,23.2,51,0,0,Green
2019,11,10,12.8,80,23,61,0,0,Green
2019,11,11,14.2,110,23.6,59,0,0,Green
2019,11,12,19.7,90,24.2,70,0,0,Green
2019,11,13,13.8,80,25,69,0,0,Green
2019,11,14,16.7,40,23.3,55,0,0,Green
2019,11,15,14.2,90,23.4,63,0,0,Green
2019,11,16,14.7,100,23.5,66,0,0,Green
2019,11,17,13.3,80,24.2,71,0,0,Green
2019,11,18,15.9,320,24.3,66,0,0,Green
2019,11,19,16.7,360,20.3,56,0,0,Green
2019,11,20,13.6,40,20.9,58,0,0,Green
2019,11,21,12.7,50,22.1,57,0,0,Green
2019,11,22,12,90,22.7,54,0,0,Green
2019,11,23,11.3,100,23.5,71,0,0,Green
2019,11,24,10.5,70,24,68,0,0,Green
2019,11,25,18.7,100,25.3,62,0,0,Green
2019,11,26,18.1,110,22.7,67,Trace,0,Green
2019,11,27,13.2,70,23.5,68,0,0,Green
2019,11,28,19.3,40,20.5,53,0,0,Green
2019,11,29,16.5,40,19.4,56,0,0,Green
2019,11,30,14.1,50,21.2,60,0,0,Green
2019,12,1,16.7,320,21.6,63,0,0,Green
2019,12,2,24.9,360,17.2,49,0,0,Green
2019,12,3,18.4,30,16.5,32,0,0,Green
2019,12,4,20.1,30,17.9,27,0,0,Green
2019,12,5,24.2,40,16.4,33,Trace,0,Green
2019,12,6,24.6,10,17.2,27,Trace,0,Green
2019,12,7,19.3,40,16.9,26,Trace,0,Green
2019,12,8,17.5,50,16.2,34,0,0,Green
2019,12,9,11,130,17.6,47,0,0,Green
2019,12,10,8.5,150,18.3,57,0,0,Green
2019,12,11,11.3,100,19.5,49,0,0,Green
2019,12,12,16.8,100,20.1,56,0,0,Green
2019,12,13,17.2,90,20.5,62,0,0,Green
2019,12,14,15.1,80,20.6,63,0,0,Green
2019,12,15,21.6,80,20.5,73,0,0,Green
2019,12,16,19.6,80,22.1,68,0,0,Green
2019,12,17,10.7,260,23.6,68,0,0,Green
2019,12,18,15,90,23.4,73,0,0,Green
2019,12,19,20.8,90,19.8,80,Trace,0,Green
2019,12,20,14.9,40,19,66,0,0,Green
2019,12,21,10.9,60,19.3,73,0,0,Green
2019,12,22,9.1,320,20.8,73,0,0,Green
2019,12,23,20.4,90,20.9,75,0,0,Green
2019,12,24,16.5,80,21.5,71,0,0,Green
2019,12,25,13,70,21.1,72,0,0,Green
2019,12,26,17.8,320,21.2,69,0,0,Green
2019,12,27,16.4,30,17.7,55,0,0,Green
2019,12,28,12,70,18.7,61,0,0,Green
2019,12,29,10.1,60,18.7,82,10,0,Green
2019,12,30,11.8,90,21.2,85,Trace,0,Green
2019,12,31,18.5,100,19.9,81,0.1,0,Green
2020,1,1,17.9,110,18.7,72,0,0,Green
2020,1,2,12.8,70,18.6,73,0,0,Green
2020,1,3,12.2,70,19.9,74,0,0,Green
2020,1,4,12.9,70,20,74,0,0,Green
2020,1,5,21.6,100,21.3,68,0,0,Green
2020,1,6,24.8,100,22.3,69,0,0,Green
2020,1,7,8.8,60,23.2,75,0,0,Green
2020,1,8,16,100,22.7,61,0,0,Green
2020,1,9,26.6,90,20.3,69,0,0,Green
2020,1,10,15.8,80,21.4,72,Trace,0,Green
2020,1,11,15,320,20.6,76,0,0,Green
2020,1,12,16.6,330,17.2,59,0,0,Green
2020,1,13,13.5,40,18.7,66,Trace,0,Green
2020,1,14,18.5,90,20.1,65,0,0,Green
2020,1,15,27.2,90,20.5,72,0,0,Green
2020,1,16,19.7,80,20.9,76,Trace,0,Green
2020,1,17,19.7,320,17.6,63,Trace,0,Green
2020,1,18,12,60,18.2,61,0,0,Green
2020,1,19,15.3,330,17.3,71,0,0,Green
2020,1,20,10.5,60,17.5,67,0,0,Green
2020,1,21,20.2,80,19.4,72,0,0,Green
2020,1,22,12.4,70,21.2,76,Trace,0,Green
2020,1,23,11.5,60,22.7,78,0,0,Green
2020,1,24,16.7,80,22.7,80,Trace,0,Green
2020,1,25,18.5,100,20.7,81,3.8,0,Green
2020,1,26,23.1,340,15.1,85,24.8,0,Green
2020,1,27,19.3,360,12.4,64,Trace,0,Green
2020,1,28,16.7,20,12.4,56,0.2,0,Green
2020,1,29,15.9,30,13.4,43,0,0,Green
2020,1,30,16.9,30,14.8,30,0,0,Green
2020,1,31,14.1,40,15.1,39,0,0,Green
2020,2,1,21,90,16.7,60,0,0,Green
2020,2,2,24.2,80,18.1,70,0,0,Green
2020,2,3,18.6,80,19.1,71,0.3,0,Green
2020,2,4,12.4,50,17.2,82,6,0,Green
2020,2,5,18.3,90,18.1,76,0,0,Green
2020,2,6,26.9,90,18,71,0,0,Green
2020,2,7,14.3,40,19.2,75,0,0,Green
2020,2,8,14.5,40,17.3,70,0,0,Green
2020,2,9,12.1,50,16.3,67,Trace,0,Green
2020,2,10,12.2,70,16.7,70,0,0,Green
2020,2,11,16.7,70,18.1,81,2.5,0,Green
2020,2,12,10.3,60,20.1,88,Trace,0,Green
2020,2,13,13.2,70,20,88,26.7,105,Amber
2020,2,14,21.6,100,22.1,86,10.9,0,Green
2020,2,15,21.3,140,22.8,86,0.3,0,Green
2020,2,16,28.8,10,13,77,6.2,0,Green
2020,2,17,17.8,10,13.4,40,0,0,Green
2020,2,18,14.4,40,14.6,41,0,0,Green
2020,2,19,15.5,90,17.5,54,0,0,Green
2020,2,20,16,100,18.4,57,0,0,Green
2020,2,21,15.4,100,19.9,63,0,0,Green
2020,2,22,12.5,100,20.2,67,0,0,Green
2020,2,23,23.5,100,20.5,61,0,0,Green
2020,2,24,26.5,90,20.9,66,0,0,Green
2020,2,25,10.7,70,22.2,77,0,0,Green
2020,2,26,9.7,70,23.3,76,0,0,Green
2020,2,27,24.5,100,21.5,75,Trace,0,Green
2020,2,28,18.3,90,21.2,71,0,0,Green
2020,2,29,8.6,260,22.7,75,0,0,Green
2020,3,1,8.1,260,23.1,76,0,0,Green
2020,3,2,23.3,100,20.8,76,Trace,0,Green
2020,3,3,24.3,80,20.4,72,0,0,Green
2020,3,4,15,60,20.1,79,1.4,0,Green
2020,3,5,14.1,100,18.4,79,2.3,0,Green
2020,3,6,24.8,80,19.1,74,Trace,0,Green
2020,3,7,18.1,90,22.5,80,Trace,0,Green
2020,3,8,19.8,120,23.5,80,0,0,Green
2020,3,9,19.3,140,24.8,79,Trace,0,Green
2020,3,10,21,320,22.7,63,0.1,0,Green
2020,3,11,25.6,90,19.4,64,Trace,0,Green
2020,3,12,26.7,80,21.8,82,Trace,0,Green
2020,3,13,15.5,60,24.3,80,0,0,Green
2020,3,14,17.3,50,21.5,71,3.5,0,Green
2020,3,15,15.7,100,20.7,57,0,0,Green
2020,3,16,23.2,90,21,68,0,0,Green
2020,3,17,21.9,80,20.8,76,0,0,Green
2020,3,18,14.7,80,21.1,80,6.7,100,Amber
2020,3,19,13.1,80,21.3,86,1.9,0,Green
2020,3,20,15.5,80,21.7,85,Trace,0,Green
2020,3,21,18.6,90,23.2,87,0.1,0,Green
2020,3,22,10.6,50,24.6,80,0,0,Green
2020,3,23,13.5,250,25,76,0,0,Green
2020,3,24,20.9,90,23.7,74,0,0,Green
2020,3,25,20.1,80,23.7,75,0,0,Green
2020,3,26,15.7,80,24.1,82,1.8,0,Green
2020,3,27,15.8,80,25.1,79,2,0,Green
2020,3,28,11.2,310,22.6,86,5.2,0,Green
2020,3,29,34.2,90,21.8,81,Trace,0,Green
2020,3,30,16.6,320,20,93,11.6,0,Green
2020,3,31,12.8,320,19.2,95,4.7,0,Green
2020,4,1,13,90,19.3,87,0.3,0,Green
2020,4,2,30.7,80,21,81,0,0,Green
2020,4,3,26.2,90,21.1,83,3.1,0,Green
2020,4,4,13.2,50,20.9,87,3,0,Green
2020,4,5,15.7,90,18.2,89,13.5,0,Green
2020,4,6,14.7,80,17.4,88,22.8,0,Green
2020,4,7,9.8,40,19.1,78,Trace,0,Green
2020,4,8,13.2,80,21.6,62,0,0,Green
2020,4,9,14,80,22.5,56,0,0,Green
2020,4,10,23,90,22.7,60,0,0,Green
2020,4,11,13.3,70,23.1,85,19.3,0,Green
2020,4,12,22.1,20,20.9,50,3.3,0,Green
2020,4,13,15.7,40,20,32,0,0,Green
2020,4,14,8.7,150,21.1,52,0,0,Green
2020,4,15,9.3,260,22.1,59,0,0,Green
2020,4,16,11.5,150,23,68,0,0,Green
2020,4,17,13.3,70,24.8,69,0,0,Green
2020,4,18,10.2,60,24.8,73,Trace,0,Green
2020,4,19,9.9,50,26.4,76,0,0,Green
2020,4,20,12.8,230,26.7,76,0,0,Green
2020,4,21,16.2,150,27.1,74,0,0,Green
2020,4,22,25.8,90,23,86,13.9,0,Green
2020,4,23,13.7,70,20.9,86,1.1,0,Green
2020,4,24,10.7,40,18.9,83,2.1,0,Green
2020,4,25,7.8,50,20.2,79,Trace,0,Green
2020,4,26,7.5,260,23.6,67,0.5,0,Green
2020,4,27,9.8,70,24.8,60,0,0,Green
2020,4,28,19.2,90,25.5,50,0,0,Green
2020,4,29,14.6,70,24.5,68,0,0,Green
2020,4,30,10.5,260,25.1,64,0,0,Green
2020,5,1,9.3,60,25.9,74,0,0,Green
2020,5,2,10.9,240,26.8,72,0,0,Green
2020,5,3,14.5,230,28.1,72,0,0,Green
2020,5,4,17.8,210,28.6,73,0,0,Green
2020,5,5,22.1,220,28.8,72,0,0,Green
2020,5,6,15.5,200,29.4,74,0,0,Green
2020,5,7,16.3,190,29.6,74,0,0,Green
2020,5,8,18.6,190,29.9,74,Trace,0,Green
2020,5,9,16.9,210,29.8,73,Trace,0,Green
2020,5,10,14.7,240,29.3,72,Trace,0,Green
2020,5,11,11.6,260,29,71,25.2,145,Amber
2020,5,12,8.2,300,27.5,78,0.9,0,Green
2020,5,13,21.6,100,27.5,77,6.2,0,Green
2020,5,14,25.2,90,28.3,74,Trace,0,Green
2020,5,15,17.1,140,29,74,0.7,0,Green
2020,5,16,10.7,150,28.8,75,0,0,Green
2020,5,17,13.1,260,29.1,72,Trace,0,Green
2020,5,18,11,60,26.3,83,40.1,105,Amber
2020,5,19,11.9,150,28.2,78,0.2,0,Green
2020,5,20,20.2,100,28.6,81,1.2,0,Green
2020,5,21,18.7,210,28.9,83,66.6,345,Red
2020,5,22,16.5,230,27.9,86,19.7,0,Green
2020,5,23,17.1,90,26.3,84,1.7,0,Green
2020,5,24,13.2,90,27.4,74,Trace,0,Green
2020,5,25,13.7,90,27.3,87,52.8,235,Red
2020,5,26,14,220,28.8,83,3.4,0,Green
2020,5,27,7.5,250,28.3,81,0.8,0,Green
2020,5,28,11.5,90,28.2,82,0.2,0,Green
2020,5,29,17.6,90,28.9,79,Trace,0,Green
2020,5,30,10.9,60,26.7,89,106.7,735,Red
2020,5,31,17.4,210,29.9,78,0.1,0,Green
2020,6,1,16.5,200,30.3,74,Trace,0,Green
2020,6,2,13,200,29,79,12.5,0,Green
2020,6,3,18,200,30.1,72,0,0,Green
2020,6,4,18.2,200,30.5,72,Trace,0,Green
2020,6,5,19.9,200,30.5,73,Trace,0,Green
2020,6,6,13.6,130,27.5,86,53.2,645,Black
2020,6,7,18.3,200,28.6,83,78.3,515,Red
2020,6,8,18.7,210,28.8,85,55,220,Amber
2020,6,9,18.7,200,30.1,76,Trace,0,Green
2020,6,10,14.9,200,30.5,71,0,0,Green
2020,6,11,13.6,230,30.3,73,Trace,0,Green
2020,6,12,11,100,30.5,69,Trace,0,Green
2020,6,13,15.8,80,30.1,77,3.6,0,Green
2020,6,14,22.3,150,27.9,80,14.5,0,Green
2020,6,15,16.5,170,29.4,75,1.2,0,Green
2020,6,16,15.7,210,29.3,73,7.8,0,Green
2020,6,17,16.1,200,29.7,71,2,0,Green
2020,6,18,16.6,200,30.2,70,Trace,0,Green
2020,6,19,14,240,30.5,68,0,0,Green
2020,6,20,15.7,200,30.4,69,0,0,Green
2020,6,21,18.7,220,30.5,72,0.5,0,Green
2020,6,22,18.8,210,31,71,Trace,0,Green
2020,6,23,20.4,220,31,71,Trace,0,Green
2020,6,24,18.8,210,31,72,Trace,0,Green
2020,6,25,20.2,200,31.1,68,Trace,0,Green
2020,6,26,20.5,200,31.1,70,0.1,0,Green
2020,6,27,15.8,200,30.9,69,0.2,0,Green
2020,6,28,14,180,30.7,69,0.4,0,Green
2020,6,29,12.8,150,30.7,69,Trace,0,Green
2020,6,30,13.8,150,30.8,71,Trace,0,Green
2020,7,1,12.3,110,30.2,75,0.2,0,Green
2020,7,2,13,150,29.6,78,17.6,0,Green
2020,7,3,13.1,130,29.1,80,15.7,0,Green
2020,7,4,13.5,150,29.9,77,3.9,0,Green
2020,7,5,15.5,190,30.3,72,1.1,0,Green
2020,7,6,18.1,200,30.3,72,4.9,0,Green
2020,7,7,16.5,210,30.1,74,9.1,0,Green
2020,7,8,24.3,220,30.4,73,Trace,0,Green
2020,7,9,27,220,30.5,74,Trace,0,Green
2020,7,10,20.5,200,30.5,71,0.4,0,Green
2020,7,11,19.8,190,31,69,Trace,0,Green
2020,7,12,15.5,150,30.9,69,0,0,Green
2020,7,13,13,230,30.8,69,1.2,0,Green
2020,7,14,17.3,230,31.2,70,0,0,Green
2020,7,15,23,220,31,67,0,0,Green
2020,7,16,21.5,220,31.2,68,Trace,0,Green
2020,7,17,19.4,210,30.9,69,3,0,Green
2020,7,18,18.2,200,31,68,0.2,0,Green
2020,7,19,16.8,220,30.8,70,2.2,0,Green
2020,7,20,13,200,30.4,71,0.9,0,Green
2020,7,21,11.5,150,30.6,69,0,0,Green
2020,7,22,14.1,100,30.3,73,0.2,0,Green
2020,7,23,10.8,260,31.1,68,0.1,0,Green
2020,7,24,11.6,40,31.4,68,Trace,0,Green
2020,7,25,15.4,230,31.5,67,0,0,Green
2020,7,26,18.9,220,31.6,67,0,0,Green
2020,7,27,17.1,200,31.2,68,1.8,0,Green
2020,7,28,13.8,230,31.4,66,2.4,0,Green
2020,7,29,11.7,100,31.1,70,Trace,0,Green
2020,7,30,15.6,100,30.5,70,9.9,0,Green
2020,7,31,25.3,80,27.9,82,33.2,0,Green
2020,8,1,27.8,90,27.7,84,28.6,0,Green
2020,8,2,19.2,90,27.8,86,42.2,0,Green
2020,8,3,12.9,90,27.1,88,31.5,0,Green
2020,8,4,11.8,50,28.3,81,8.3,0,Green
2020,8,5,16.3,150,27.7,85,27,445,Amber
2020,8,6,16.8,100,29.7,76,4.9,0,Green
2020,8,7,16.3,100,30.6,72,Trace,0,Green
2020,8,8,13.4,260,30.3,73,0,0,Green
2020,8,9,11.7,150,30.1,71,0,0,Green
2020,8,10,12.1,250,30.3,70,0,0,Green
2020,8,11,14.3,150,30.5,73,6.5,0,Green
2020,8,12,14.4,100,27.5,86,57.3,0,Green
2020,8,13,13.4,100,28.2,82,31.7,0,Green
2020,8,14,12.2,140,29.6,75,1.9,0,Green
2020,8,15,11.9,240,29.9,71,Trace,0,Green
2020,8,16,13.2,110,29.9,73,9.6,0,Green
2020,8,17,14.3,80,29.1,77,0.2,0,Green
2020,8,18,12.2,40,27.3,82,66.8,1130,Amber
2020,8,19,28.1,130,26.9,84,104.2,0,Green
2020,8,20,14.5,100,29.4,75,Trace,0,Green
2020,8,21,9.8,70,29.5,74,Trace,0,Green
2020,8,22,9.3,250,29.7,71,0,0,Green
2020,8,23,9.1,250,30.1,69,0,0,Green
2020,8,24,16.1,220,30.6,73,0,0,Green
2020,8,25,22.4,230,31,72,Trace,0,Green
2020,8,26,18.6,220,30.5,74,6.2,0,Green
2020,8,27,10.8,230,29,77,1.6,0,Green
2020,8,28,9.2,150,30.1,74,0,0,Green
2020,8,29,9.8,250,30.8,67,0,0,Green
2020,8,30,11.1,60,30.5,69,Trace,0,Green
2020,8,31,8.8,50,30.6,68,Trace,0,Green
2020,9,1,12.1,240,31,69,Trace,0,Green
2020,9,2,8.6,260,31,71,0,0,Green
2020,9,3,10.3,50,31.4,68,0,0,Green
2020,9,4,9.8,100,30.4,74,8,0,Green
2020,9,5,9.6,90,28.7,77,3,220,Red
2020,9,6,10,150,29.6,73,0,0,Green
2020,9,7,13.2,80,29.1,79,6.9,0,Green
2020,9,8,11.6,80,27.5,85,66.6,535,Amber
2020,9,9,8.4,80,28.5,80,Trace,0,Green
2020,9,10,8.2,70,29.1,79,1.2,0,Green
2020,9,11,9.4,240,29.8,74,0.1,0,Green
2020,9,12,10.3,50,29.3,79,14.8,150,Amber
2020,9,13,11.1,90,29,77,0.3,0,Green
2020,9,14,17.3,100,29.2,76,4.7,0,Green
2020,9,15,13.3,80,27.9,86,50.1,505,Amber
2020,9,16,17.8,90,30.7,75,1.2,0,Green
2020,9,17,19.6,80,29.2,82,34.8,0,Green
2020,9,18,20.2,90,28.4,85,21.3,0,Green
2020,9,19,15.5,80,28.1,84,8,0,Green
2020,9,20,12.4,70,29,77,Trace,0,Green
2020,9,21,18.4,90,28.8,81,17.4,710,Red
2020,9,22,18.8,100,29.4,74,1.6,0,Green
2020,9,23,15.4,90,29.6,72,Trace,0,Green
2020,9,24,11,320,28.6,76,5.2,0,Green
2020,9,25,12.9,100,28.2,72,Trace,0,Green
2020,9,26,26.1,100,28.8,70,0,0,Green
2020,9,27,25,90,28.8,73,0,0,Green
2020,9,28,19.5,80,27.5,80,1.6,130,Amber
2020,9,29,16.2,90,28.2,78,0,0,Green
2020,9,30,12.7,90,28.2,81,66.9,415,Black
2020,10,1,26,90,27.6,71,0.2,0,Green
2020,10,2,22.7,90,28.5,65,0,0,Green
2020,10,3,14.4,100,28.7,67,0,0,Green
2020,10,4,10.9,250,28.8,71,0,0,Green
2020,10,5,18.2,100,28.5,73,5.5,205,Red
2020,10,6,15.8,40,26.4,70,0.7,0,Green
2020,10,7,16.8,40,24.9,64,0,0,Green
2020,10,8,17,40,25,60,0,0,Green
2020,10,9,16.6,20,25.7,58,0,0,Green
2020,10,10,13.9,40,26,60,0,0,Green
2020,10,11,13.9,80,27.2,67,0,0,Green
2020,10,12,16.6,60,28.7,64,Trace,0,Green
2020,10,13,31.5,80,25.7,81,13.5,0,Green
2020,10,14,29.6,90,26.5,74,Trace,0,Green
2020,10,15,23.7,80,27.4,64,0,0,Green
2020,10,16,19.1,60,27.7,63,Trace,0,Green
2020,10,17,18.3,40,25.7,65,Trace,0,Green
2020,10,18,14.2,30,24.9,65,Trace,0,Green
2020,10,19,15.3,20,24.3,62,0,0,Green
2020,10,20,17.5,360,24.4,62,0,0,Green
2020,10,21,20.2,360,24,59,0,0,Green
2020,10,22,19.5,350,24.6,53,0,0,Green
2020,10,23,20.3,30,24.1,39,0,0,Green
2020,10,24,18,40,24.3,41,Trace,0,Green
2020,10,25,20,100,25.5,56,0,0,Green
2020,10,26,16.5,90,25.3,68,0,0,Green
2020,10,27,18.3,90,26.1,64,0,0,Green
2020,10,28,17.8,90,24.8,74,3.2,0,Green
2020,10,29,14.5,30,24.8,71,0.4,0,Green
2020,10,30,13,40,24.5,72,Trace,0,Green
2020,10,31,17.4,90,24,65,0,0,Green
2020,11,1,12.6,90,24.2,66,0,0,Green
2020,11,2,14.1,50,25.5,58,0,0,Green
2020,11,3,13.5,60,23.8,59,0,0,Green
2020,11,4,15.8,90,23.4,64,Trace,0,Green
2020,11,5,16.1,100,23.5,60,0,0,Green
2020,11,6,10.9,300,25,63,0,0,Green
2020,11,7,11.4,350,26.7,51,0,0,Green
2020,11,8,14.8,40,26.5,46,0,0,Green
2020,11,9,16.2,50,24.5,46,0,0,Green
2020,11,10,15.5,40,23.3,43,0,0,Green
2020,11,11,14.8,40,22.9,56,0,0,Green
2020,11,12,13,40,22.7,55,0,0,Green
2020,11,13,12.8,60,23.4,48,Trace,0,Green
2020,11,14,13.6,40,23.5,55,Trace,0,Green
2020,11,15,13.3,40,23.5,70,Trace,0,Green
2020,11,16,14.5,100,24.6,68,0,0,Green
2020,11,17,22.4,100,25.1,69,0,0,Green
2020,11,18,16.6,80,25.9,72,Trace,0,Green
2020,11,19,12.1,70,26.1,79,0,0,Green
2020,11,20,11.3,90,26.1,77,0,0,Green
2020,11,21,26.3,100,24.4,81,Trace,0,Green
2020,11,22,11.9,90,25.6,76,0.2,0,Green
2020,11,23,19.3,100,23.7,78,Trace,0,Green
2020,11,24,13.9,100,23.7,72,Trace,0,Green
2020,11,25,13.1,100,24,71,Trace,0,Green
2020,11,26,11.9,80,24.7,69,0,0,Green
2020,11,27,13.9,30,22.5,61,0,0,Green
2020,11,28,12,20,20.4,58,0,0,Green
2020,11,29,14.2,20,19.8,55,0,0,Green
2020,11,30,14.5,30,19,55,0,0,Green
2020,12,1,15,40,19.6,56,0,0,Green
2020,12,2,15.8,40,19.8,57,0,0,Green
2020,12,3,18,10,17.1,57,0,0,Green
2020,12,4,17.3,10,15.6,55,0,0,Green
2020,12,5,14.5,10,16.5,54,0,0,Green
2020,12,6,12.8,50,17.4,58,0,0,Green
2020,12,7,12.9,320,20.3,58,0,0,Green
2020,12,8,13.5,10,19.3,56,0,0,Green
2020,12,9,10.5,50,19.7,61,0,0,Green
2020,12,10,10.8,60,21.2,68,0.3,0,Green
2020,12,11,8.9,250,21.6,76,0.1,0,Green
2020,12,12,10.1,110,21.4,74,Trace,0,Green
2020,12,13,20.6,80,21.7,69,0,0,Green
2020,12,14,12.5,40,18.7,77,Trace,0,Green
2020,12,15,14.5,30,13.8,64,Trace,0,Green
2020,12,16,13.8,360,13.6,64,0,0,Green
2020,12,17,12.2,360,13.6,64,0,0,Green
2020,12,18,16.3,350,15.8,61,0,0,Green
2020,12,19,16.8,10,14.1,54,0,0,Green
2020,12,20,16.7,10,14.6,49,0,0,Green
2020,12,21,13.9,350,16,48,0,0,Green
2020,12,22,13.2,40,17,54,0,0,Green
2020,12,23,9.9,60,19.3,69,Trace,0,Green
2020,12,24,12.4,310,20,70,0,0,Green
2020,12,25,14.4,90,19.1,70,0,0,Green
2020,12,26,21.5,90,20.2,63,0,0,Green
2020,12,27,9.3,70,21.1,62,0,0,Green
2020,12,28,23.1,100,21.4,61,0,0,Green
2020,12,29,13.5,90,21.7,68,0,0,Green
2020,12,30,29,360,14.9,43,0,0,Green
2020,12,31,17.9,30,10.8,21,0,0,Green
2021,1,1,16.2,50,11.2,27,0,0,Green
2021,1,2,12,60,13.3,39,0,0,Green
2021,1,3,13.4,50,16.8,52,0,0,Green
2021,1,4,9.7,40,18.5,47,0,0,Green
2021,1,5,9,50,19.1,44,0,0,Green
2021,1,6,12.4,50,16.8,58,0,0,Green
2021,1,7,18,30,14.5,59,0,0,Green
2021,1,8,18.6,10,8.5,44,Trace,0,Green
2021,1,9,13.4,30,10.4,20,0,0,Green
2021,1,10,14.7,30,12.4,24,0,0,Green
2021,1,11,20.9,360,10,35,0,0,Green
2021,1,12,14.8,10,10.9,26,0,0,Green
2021,1,13,9.8,120,12.9,35,0,0,Green
2021,1,14,7.8,260,15.1,42,0,0,Green
2021,1,15,9.6,70,17.5,58,0,0,Green
2021,1,16,19.3,100,18.1,64,0,0,Green
2021,1,17,19.3,350,16.7,50,0,0,Green
2021,1,18,11.2,30,13.9,39,0,0,Green
2021,1,19,13.8,90,15.8,56,0,0,Green
2021,1,20,15.7,90,18.9,60,0,0,Green
2021,1,21,11.1,80,20.6,66,0,0,Green
2021,1,22,7.3,290,20.5,77,0,0,Green
2021,1,23,8.5,270,20.1,72,0,0,Green
2021,1,24,20,100,19,75,0,0,Green
2021,1,25,16.7,90,19.8,65,0,0,Green
2021,1,26,8.6,70,20.2,73,0,0,Green
2021,1,27,11.9,80,19.4,69,0,0,Green
2021,1,28,14.7,320,18.7,66,0,0,Green
2021,1,29,16.7,40,16.7,49,0,0,Green
2021,1,30,18.4,90,17.6,57,0,0,Green
2021,1,31,16.5,100,19.6,55,0,0,Green
2021,2,1,9.1,70,20.4,71,0,0,Green
2021,2,2,14.7,260,21.1,68,0,0,Green
2021,2,3,22.7,100,19.5,57,0,0,Green
2021,2,4,16.2,80,20.2,56,0,0,Green
2021,2,5,16.2,90,20,65,0,0,Green
2021,2,6,7.7,260,20.6,57,0,0,Green
2021,2,7,11.5,100,21.6,50,0,0,Green
2021,2,8,22.1,90,21.2,65,0,0,Green
2021,2,9,26.9,90,18.9,69,Trace,0,Green
2021,2,10,22,340,16.4,88,51.5,0,Green
2021,2,11,11.3,350,17.1,77,Trace,0,Green
2021,2,12,8.4,60,18.1,63,0,0,Green
2021,2,13,9.1,50,19,69,0,0,Green
2021,2,14,9.4,260,19.7,70,0,0,Green
2021,2,15,12,120,21.1,61,0,0,Green
2021,2,16,17,80,20.7,67,0,0,Green
2021,2,17,12.3,50,20.4,64,0,0,Green
2021,2,18,14.6,40,18.6,52,0,0,Green
2021,2,19,13.4,90,18.6,57,0,0,Green
2021,2,20,9.8,80,19.4,60,0,0,Green
2021,2,21,7.8,130,20.3,57,0,0,Green
2021,2,22,8.8,260,21.3,68,0,0,Green
2021,2,23,14,90,22.1,63,0,0,Green
2021,2,24,25.6,90,21.3,70,0,0,Green
2021,2,25,20.1,90,21.4,77,2.4,0,Green
2021,2,26,11.1,60,22.4,82,15.4,0,Green
2021,2,27,11.3,50,17.7,87,13.1,0,Green
2021,2,28,21.5,80,20.3,77,Trace,0,Green
2021,3,1,12.6,70,22.2,80,Trace,0,Green
2021,3,2,18.3,320,20.3,69,Trace,0,Green
2021,3,3,25.5,90,19,74,Trace,0,Green
2021,3,4,17.9,80,19.3,85,3,0,Green
2021,3,5,22,70,21,87,Trace,0,Green
2021,3,6,18.3,70,22.2,87,2.4,0,Green
2021,3,7,13.1,90,20.4,86,Trace,0,Green
2021,3,8,23.4,90,20.2,76,Trace,0,Green
2021,3,9,18.5,90,21.1,70,0,0,Green
2021,3,10,27.1,90,20.7,73,0,0,Green
2021,3,11,23.2,90,22,72,0,0,Green
2021,3,12,10.8,70,23.4,73,0,0,Green
2021,3,13,20.8,90,22.8,69,0,0,Green
2021,3,14,22,90,22.3,71,0,0,Green
2021,3,15,15.4,90,22.9,71,0,0,Green
2021,3,16,11.8,70,23.9,73,0,0,Green
2021,3,17,10.4,100,24.6,75,0,0,Green
2021,3,18,18.9,90,24.5,79,0,0,Green
2021,3,19,15.5,80,25.2,73,0,0,Green
2021,3,20,9.7,60,25.3,70,0,0,Green
2021,3,21,14.3,10,20.8,70,0.1,0,Green
2021,3,22,15.5,30,17.6,52,Trace,0,Green
2021,3,23,11.3,30,19.1,50,Trace,0,Green
2021,3,24,8.5,10,20.9,59,Trace,0,Green
2021,3,25,19.7,90,22.9,61,0,0,Green
2021,3,26,23.5,90,22.3,68,0,0,Green
2021,3,27,13.3,70,24.4,74,0,0,Green
2021,3,28,12,240,25.5,74,0,0,Green
2021,3,29,15.2,210,26.2,75,0,0,Green
2021,3,30,15.2,200,27,72,Trace,0,Green
2021,3,31,14.4,140,26.7,75,0,0,Green
2021,4,1,14.1,200,27,73,0,0,Green
2021,4,2,8.7,230,27.2,72,0,0,Green
2021,4,3,10.5,240,27.1,70,0,0,Green
2021,4,4,9.8,100,25.4,79,Trace,0,Green
2021,4,5,17.8,100,23,79,0.3,0,Green
2021,4,6,11.4,100,24.4,72,0,0,Green
2021,4,7,23.4,90,23.7,70,0,0,Green
2021,4,8,17.8,90,23.8,69,Trace,0,Green
2021,4,9,16.5,40,20.6,81,7.2,0,Green
2021,4,10,21.2,90,23.1,58,0,0,Green
2021,4,11,19.5,100,24.2,64,0,0,Green
2021,4,12,12.8,70,25.2,72,0,0,Green
2021,4,13,9.5,250,26.2,69,0,0,Green
2021,4,14,20.6,100,25.5,76,0,0,Green
2021,4,15,28.3,90,23.1,84,1.3,0,Green
2021,4,16,23.3,90,24.3,79,Trace,0,Green
2021,4,17,11.2,90,23.3,84,6.1,0,Green
2021,4,18,28,100,23.9,59,Trace,0,Green
2021,4,19,30.6,100,23.2,59,Trace,0,Green
2021,4,20,23.8,90,24,64,0,0,Green
2021,4,21,18.6,90,24.8,66,0,0,Green
2021,4,22,14.5,90,25.7,67,0,0,Green
2021,4,23,10.8,250,27.5,69,0,0,Green
2021,4,24,20.9,100,26.7,72,0,0,Green
2021,4,25,20.2,90,25.9,77,Trace,0,Green
2021,4,26,28.8,100,23.9,74,1.1,0,Green
2021,4,27,22.3,90,23.8,87,7.1,0,Green
2021,4,28,17.3,80,24.9,82,1.5,0,Green
2021,4,29,10.9,360,24.3,69,0.1,0,Green
2021,4,30,9,130,25.4,69,0,0,Green
2021,5,1,9.7,240,26.6,68,0,0,Green
2021,5,2,12,60,26.8,73,0.9,0,Green
2021,5,3,23.5,100,25.1,82,4.7,0,Green
2021,5,4,14.9,70,27.3,77,35.4,230,Amber
2021,5,5,10.2,310,27.1,76,0.3,0,Green
2021,5,6,21.3,90,26.1,74,0,0,Green
2021,5,7,9.5,250,27.1,73,0,0,Green
2021,5,8,15.5,230,28.4,73,0,0,Green
2021,5,9,14.4,230,29,73,0,0,Green
2021,5,10,13.2,200,29,70,0,0,Green
2021,5,11,17.4,190,29.9,68,0,0,Green
2021,5,12,15.9,200,30.3,70,0,0,Green
2021,5,13,16.1,150,30,73,4.6,0,Green
2021,5,14,15.8,150,29.4,77,5.9,0,Green
2021,5,15,15.1,160,30,71,0,0,Green
2021,5,16,15.1,190,30.7,66,0,0,Green
2021,5,17,15.4,200,30.9,69,Trace,0,Green
2021,5,18,17.3,200,31,68,0,0,Green
2021,5,19,18.5,190,30.9,66,Trace,0,Green
2021,5,20,19.4,200,30.9,68,0,0,Green
2021,5,21,19.5,210,31.3,68,Trace,0,Green
2021,5,22,16.7,150,31.1,69,2.2,0,Green
2021,5,23,15.8,150,31.1,69,Trace,0,Green
2021,5,24,8.2,150,29.6,78,13.7,0,Green
2021,5,25,11.1,150,29.2,78,3.9,0,Green
2021,5,26,10,210,29.7,76,13.4,0,Green
2021,5,27,16.4,220,30.8,70,0,0,Green
2021,5,28,19.5,230,31,71,0,0,Green
2021,5,29,24.1,220,30.6,74,0,0,Green
2021,5,30,24.7,220,30.9,75,0,0,Green
2021,5,31,21.1,220,30.4,76,0.8,0,Green
2021,6,1,14.2,90,27.2,85,52.1,705,Red
2021,6,2,10.8,200,28.7,80,4.2,0,Green
2021,6,3,10.5,150,30.5,73,0,0,Green
2021,6,4,13,310,27.9,82,6.6,0,Green
2021,6,5,10.1,320,27.4,69,0,0,Green
2021,6,6,12.4,220,28.9,68,0,0,Green
2021,6,7,17.3,90,29.2,70,0,0,Green
2021,6,8,14.8,90,29.5,72,Trace,0,Green
2021,6,9,14.2,90,28.5,79,22.4,0,Green
2021,6,10,19.4,90,29.7,73,0.3,0,Green
2021,6,11,22.4,90,30,74,20,220,Amber
2021,6,12,22.4,100,28.5,81,15.3,0,Green
2021,6,13,18.1,100,29.2,78,5,0,Green
2021,6,14,15.3,190,29.9,74,0.4,0,Green
2021,6,15,18.8,200,30.2,72,1.9,0,Green
2021,6,16,19.5,200,30.9,70,Trace,0,Green
2021,6,17,17.1,210,31.1,69,Trace,0,Green
2021,6,18,24.3,220,31.1,70,0,0,Green
2021,6,19,23,220,31.2,71,Trace,0,Green
2021,6,20,21.2,220,31.5,71,0,0,Green
2021,6,21,19.8,220,31.2,72,0,0,Green
2021,6,22,14.5,220,27.5,84,89.9,140,Amber
2021,6,23,12.2,230,27.1,81,13.5,120,Amber
2021,6,24,9.8,80,26.7,87,46.3,235,Amber
2021,6,25,10.2,60,28.4,76,Trace,0,Green
2021,6,26,12.4,210,29.2,80,1.7,225,Amber
2021,6,27,21,210,30.2,76,1.1,0,Green
2021,6,28,17.4,200,28.8,81,107.4,725,Black
2021,6,29,21.5,210,30,76,7.4,0,Green
2021,6,30,23.2,200,30.6,72,Trace,0,Green
2021,7,1,21.8,200,30.7,73,2.4,0,Green
2021,7,2,20.6,190,30.9,71,0.3,0,Green
2021,7,3,14.8,150,30.8,73,0,0,Green
2021,7,4,13.2,150,30.6,74,0.7,0,Green
2021,7,5,16.8,100,30.6,71,Trace,0,Green
2021,7,6,17.8,100,30.5,70,2.8,0,Green
2021,7,7,20.4,100,30,73,1.5,0,Green
2021,7,8,17.5,150,30.5,69,Trace,0,Green
2021,7,9,11.8,50,30.8,69,0,0,Green
2021,7,10,13.5,130,30.6,68,0,0,Green
2021,7,11,13.6,100,30.8,71,Trace,0,Green
2021,7,12,13.8,150,31.1,69,0,0,Green
2021,7,13,11.5,150,31.1,67,0,0,Green
2021,7,14,9.8,150,31.1,68,8.4,0,Green
2021,7,15,13,150,31,69,0,0,Green
2021,7,16,9.5,60,30.2,72,0.8,0,Green
2021,7,17,13.7,100,29.7,72,0.1,0,Green
2021,7,18,15.8,90,28.5,77,12.6,125,Amber
2021,7,19,24.3,80,26.8,89,104.5,215,Amber
2021,7,20,18.9,90,26.4,91,137.1,400,Amber
2021,7,21,19.5,90,27.6,86,2.3,0,Green
2021,7,22,11.9,60,29.6,75,0,0,Green
2021,7,23,10.8,240,30.8,74,0,0,Green
2021,7,24,11.3,260,31.2,72,0,0,Green
2021,7,25,13.7,220,30,76,97.4,255,Amber
2021,7,26,13.6,220,31.2,73,0,0,Green
2021,7,27,13.4,230,32,70,0,0,Green
2021,7,28,17.8,230,31,74,Trace,0,Green
2021,7,29,11.1,250,30,78,24.5,0,Green
2021,7,30,12.8,220,29.2,80,31.5,125,Amber
2021,7,31,18.1,230,30.3,79,4,0,Green
2021,8,1,14.3,230,29.9,79,3.4,0,Green
2021,8,2,10,260,30.3,76,Trace,0,Green
2021,8,3,17.4,70,29,81,21.6,0,Green
2021,8,4,15.2,310,28.9,83,48.1,505,Amber
2021,8,5,19.1,230,28,89,11.9,0,Green
2021,8,6,18.9,230,29.1,85,4.2,400,Red
2021,8,7,13.8,230,29.5,81,0.3,0,Green
2021,8,8,12,230,29.8,80,0.3,0,Green
2021,8,9,14.2,200,29.5,80,6.9,215,Amber
2021,8,10,10.7,210,29.9,79,3.2,0,Green
2021,8,11,11.8,250,29.8,76,11.9,0,Green
2021,8,12,10.1,50,29.6,76,1,0,Green
2021,8,13,11.1,210,29.3,76,1.2,0,Green
2021,8,14,15,230,28.4,80,18.2,0,Green
2021,8,15,10.5,140,28.2,79,0.6,0,Green
2021,8,16,9.3,70,28.8,78,7.2,0,Green
2021,8,17,11.6,240,29.9,73,0,0,Green
2021,8,18,12.7,230,30.1,72,0,0,Green
2021,8,19,10.3,60,29.2,77,0.9,0,Green
2021,8,20,11.7,240,29.9,70,0,0,Green
2021,8,21,12.3,230,30.3,70,0,0,Green
2021,8,22,14.3,210,30.8,64,Trace,0,Green
2021,8,23,15,220,30.5,69,Trace,0,Green
2021,8,24,12.8,140,30.4,71,Trace,0,Green
2021,8,25,12.5,150,30.1,72,Trace,0,Green
2021,8,26,13.3,100,30.6,70,Trace,0,Green
2021,8,27,13.7,80,26.4,78,12.3,0,Green
2021,8,28,12.3,80,28,69,0.5,0,Green
2021,8,29,15,90,28.7,73,1.1,210,Amber
2021,8,30,13.9,100,29.7,70,0.3,0,Green
2021,8,31,8.4,60,28.1,79,3.4,0,Green
2021,9,1,12.7,60,28.5,81,17.6,0,Green
2021,9,2,10.5,60,29.6,74,0,0,Green
2021,9,3,9.8,260,29.8,73,Trace,0,Green
2021,9,4,11,110,29.8,74,0.1,0,Green
2021,9,5,9.1,90,29.6,73,13.4,0,Green
2021,9,6,10.5,80,29.9,71,0,0,Green
2021,9,7,15.5,60,30.5,70,0,0,Green
2021,9,8,11.4,50,30.3,68,0,0,Green
2021,9,9,10.3,100,30.6,64,0,0,Green
2021,9,10,13.4,100,31.4,61,0,0,Green
2021,9,11,12.5,240,31.3,68,0,0,Green
2021,9,12,14.7,230,32.1,70,0,0,Green
2021,9,13,13,220,31.2,73,0,0,Green
2021,9,14,7.9,250,29.4,79,21.3,0,Green
2021,9,15,12.9,240,30.6,71,Trace,0,Green
2021,9,16,9.6,280,29.5,74,3.7,0,Green
2021,9,17,7.6,270,29.9,74,0,0,Green
2021,9,18,16.8,100,30.8,70,0,0,Green
2021,9,19,16.5,100,30.4,75,1.5,0,Green
2021,9,20,8.8,100,29.8,78,5.2,0,Green
2021,9,21,8.6,150,29.5,76,2.9,0,Green
2021,9,22,11.2,100,30.5,72,0,0,Green
2021,9,23,16.9,70,29.3,76,11.8,0,Green
2021,9,24,18,100,30.2,73,1.5,0,Green
2021,9,25,16.8,100,30.3,68,Trace,0,Green
2021,9,26,15,70,29.1,68,0,0,Green
2021,9,27,8.9,260,29.5,71,0,0,Green
2021,9,28,10.1,150,29.9,69,0,0,Green
2021,9,29,10.3,230,30.4,70,0,0,Green
2021,9,30,9.4,250,30.8,73,0,0,Green
2021,10,1,10.8,230,30.5,72,0,0,Green
2021,10,2,12,150,30.1,68,0,0,Green
2021,10,3,16,100,29.4,71,Trace,0,Green
2021,10,4,18.6,100,30.5,61,0,0,Green
2021,10,5,20.8,70,30.8,61,0,0,Green
2021,10,6,20.1,70,30.5,60,0,0,Green
2021,10,7,25.7,70,29.3,69,23,1200,Amber
2021,10,8,24.9,70,25.6,91,276.9,805,Black
2021,10,9,39.6,100,26.8,88,154.3,805,Amber
2021,10,10,20,80,26.7,85,63,0,Green
2021,10,11,15,360,28.6,67,0,0,Green
2021,10,12,25.3,360,24.9,64,Trace,0,Green
2021,10,13,32.7,90,25.4,85,102.3,308,Amber
2021,10,14,18,90,28.5,79,11.1,0,Green
2021,10,15,9.8,40,26.3,82,2.8,0,Green
2021,10,16,13.9,10,26.6,70,Trace,0,Green
2021,10,17,17.8,30,23.6,63,0,0,Green
2021,10,18,12,40,23.3,64,0,0,Green
2021,10,19,11,60,25.7,69,0,0,Green
2021,10,20,14.5,90,27.3,68,0,0,Green
2021,10,21,14.7,360,23.6,77,0.3,0,Green
2021,10,22,13.6,360,18.5,73,0.3,0,Green
2021,10,23,11.8,30,19.2,71,Trace,0,Green
2021,10,24,13.5,10,21.2,66,0,0,Green
2021,10,25,13.9,40,22.7,61,0,0,Green
2021,10,26,10.9,50,24.9,62,Trace,0,Green
2021,10,27,12.2,60,26.2,70,Trace,0,Green
2021,10,28,12.9,80,25.8,72,Trace,0,Green
2021,10,29,14.8,100,26,71,Trace,0,Green
2021,10,30,11.7,40,24.3,75,Trace,0,Green
2021,10,31,14.5,70,24.6,69,0,0,Green
2021,11,1,16.3,100,25.6,69,0,0,Green
2021,11,2,20,100,26,69,Trace,0,Green
2021,11,3,13.9,100,25.6,70,0,0,Green
2021,11,4,15.8,100,26.1,71,0,0,Green
2021,11,5,15,90,26.3,74,0,0,Green
2021,11,6,8.5,260,26.7,72,0,0,Green
2021,11,7,13.1,100,26.8,72,0,0,Green
2021,11,8,24.2,10,19,59,0.1,0,Green
2021,11,9,13.8,30,19.2,31,0,0,Green
2021,11,10,12.8,350,20.7,27,0,0,Green
2021,11,11,11.1,50,21.5,35,0,0,Green
2021,11,12,12.6,50,22.7,39,0,0,Green
2021,11,13,11.8,50,22.4,38,0,0,Green
2021,11,14,11.1,50,21.8,48,0,0,Green
2021,11,15,12,60,22.2,55,0,0,Green
2021,11,16,10.9,60,23,62,0,0,Green
2021,11,17,14.4,320,23.5,65,0,0,Green
2021,11,18,11.2,310,22.2,62,0,0,Green
2021,11,19,8.4,110,23.1,71,0,0,Green
2021,11,20,21,100,24.4,69,0.1,0,Green
2021,11,21,15.2,90,24.4,74,0,0,Green
2021,11,22,18.5,10,18.7,74,2.6,0,Green
2021,11,23,13.1,20,15.8,54,Trace,0,Green
2021,11,24,11.8,40,18.5,51,0,0,Green
2021,11,25,8.8,310,20.6,55,0,0,Green
2021,11,26,10.2,60,21.5,51,0,0,Green
2021,11,27,11.5,50,21.5,48,0,0,Green
2021,11,28,9.9,60,21.7,58,0,0,Green
2021,11,29,10.6,40,22.2,56,0,0,Green
2021,11,30,17.4,360,21.3,52,0,0,Green
2021,12,1,16.4,30,17.4,27,0,0,Green
2021,12,2,14.1,50,17.2,30,0,0,Green
2021,12,3,14.3,10,18.3,22,0,0,Green
2021,12,4,12.9,50,18,31,0,0,Green
2021,12,5,12.8,50,19.1,44,0,0,Green
2021,12,6,11.4,50,18.8,44,0,0,Green
2021,12,7,12.3,80,19.7,53,0,0,Green
2021,12,8,15.6,100,20.9,57,0,0,Green
2021,12,9,13.8,80,20.6,64,0,0,Green
2021,12,10,15,100,21.4,64,0,0,Green
2021,12,11,13.8,80,21.7,66,0,0,Green
2021,12,12,11,70,22,66,0,0,Green
2021,12,13,14.9,40,19.1,57,0,0,Green
2021,12,14,9.8,50,20.5,62,Trace,0,Green
2021,12,15,12.5,80,21.6,76,1.5,0,Green
2021,12,16,15.7,90,23.5,77,0.9,0,Green
2021,12,17,14.3,30,21.7,63,Trace,0,Green
2021,12,18,16.4,30,17.8,48,0,0,Green
2021,12,19,14,50,17.6,37,0,0,Green
2021,12,20,16.5,40,16.4,72,15.5,0,Green
2021,12,21,12.2,360,15.9,90,12.8,0,Green
2021,12,22,8.3,360,19,75,0,0,Green
2021,12,23,11.8,80,19.9,76,0.4,0,Green
2021,12,24,6.9,330,20,81,0.2,0,Green
2021,12,25,11,50,19.3,68,Trace,0,Green
2021,12,26,16.8,40,14.4,71,4,0,Green
2021,12,27,12.8,30,10.7,77,3.2,0,Green
2021,12,28,10.9,50,13.7,69,0.2,0,Green
2021,12,29,12,320,17,71,0,0,Green
2021,12,30,11.1,340,17.4,68,0,0,Green
2021,12,31,11.4,50,18.2,68,Trace,0,Green
2022,1,1,9.2,90,17.5,72,0,0,Green
2022,1,2,9.1,100,18.3,68,0,0,Green
2022,1,3,10.6,80,18.9,73,0,0,Green
2022,1,4,15.4,90,20.4,60,0,0,Green
2022,1,5,12.3,80,20.8,71,0.4,0,Green
2022,1,6,12.2,100,20.4,73,0,0,Green
2022,1,7,11.1,100,18.9,72,0,0,Green
2022,1,8,10.1,50,17.5,69,0,0,Green
2022,1,9,12.7,80,18.4,70,0,0,Green
2022,1,10,10.6,60,18.3,71,Trace,0,Green
2022,1,11,15.8,360,15.1,66,2.1,0,Green
2022,1,12,10.5,50,15.6,62,0,0,Green
2022,1,13,11.4,20,16.9,53,0,0,Green
2022,1,14,21.5,80,16.8,67,0,0,Green
2022,1,15,17.8,80,19,75,0,0,Green
2022,1,16,15.6,80,19.8,73,0,0,Green
2022,1,17,13.8,70,18.5,75,0,0,Green
2022,1,18,11.4,330,16.8,73,Trace,0,Green
2022,1,19,11.8,310,16.9,63,0,0,Green
2022,1,20,9.5,70,17.4,64,0,0,Green
2022,1,21,16.1,90,18.6,72,4.9,0,Green
2022,1,22,16.3,100,18.3,82,0.1,0,Green
2022,1,23,13.5,90,19.6,81,0.1,0,Green
2022,1,24,12.2,90,20.2,85,0.6,0,Green
2022,1,25,11.3,80,18.9,80,Trace,0,Green
2022,1,26,13.5,90,19.8,77,Trace,0,Green
2022,1,27,11,60,20.2,81,Trace,0,Green
2022,1,28,17.7,100,19.5,80,0,0,Green
2022,1,29,14.1,320,17.8,76,0,0,Green
2022,1,30,17.8,330,14.8,61,0,0,Green
2022,1,31,14.4,40,13.1,63,Trace,0,Green
2022,2,1,11.7,10,12.3,85,2,0,Green
2022,2,2,10.7,350,13.7,89,1,0,Green
2022,2,3,12.8,350,11.9,85,2.4,0,Green
2022,2,4,14.5,360,13.4,67,Trace,0,Green
2022,2,5,12.5,50,14.2,63,0,0,Green
2022,2,6,16.8,90,16.5,66,0,0,Green
2022,2,7,20.8,80,16.7,81,0.1,0,Green
2022,2,8,11.3,340,16.4,73,Trace,0,Green
2022,2,9,14.2,320,14.7,75,0,0,Green
2022,2,10,13,330,16.1,76,0,0,Green
2022,2,11,13.3,80,19.2,76,0,0,Green
2022,2,12,8.8,330,19.4,78,0,0,Green
2022,2,13,13.2,330,15.9,85,2,0,Green
2022,2,14,11.7,360,16.3,70,0.9,0,Green
2022,2,15,13.6,90,17.8,72,0,0,Green
2022,2,16,25.3,100,18,68,0,0,Green
2022,2,17,29.6,90,16.2,84,3.2,0,Green
2022,2,18,31.1,90,17.2,77,Trace,0,Green
2022,2,19,14.5,30,11.9,91,29.5,0,Green
2022,2,20,16.1,30,8,89,57.9,0,Green
2022,2,21,12.1,20,8.3,91,44.8,0,Green
2022,2,22,13.3,350,9.5,93,44.6,0,Green
2022,2,23,16.5,350,11.3,73,1.9,0,Green
2022,2,24,11.3,320,11.7,66,0,0,Green
2022,2,25,8.5,30,14.7,65,0,0,Green
2022,2,26,9.1,70,16.9,67,0,0,Green
2022,2,27,13.8,90,18.2,72,0,0,Green
2022,2,28,20.2,90,20.1,64,0,0,Green
2022,3,1,8.4,60,22.1,69,0,0,Green
2022,3,2,14.6,90,21.3,76,0,0,Green
2022,3,3,25.6,100,20.4,67,0,0,Green
2022,3,4,8.2,60,21,75,0,0,Green
2022,3,5,11.6,260,20.9,81,0,0,Green
2022,3,6,27.8,90,20.3,70,0,0,Green
2022,3,7,15.9,320,19.9,65,5.8,0,Green
2022,3,8,15.6,50,17.8,43,0,0,Green
2022,3,9,17.5,90,19.3,50,0,0,Green
2022,3,10,18.8,80,21.8,53,0,0,Green
2022,3,11,12.9,70,22.1,68,0,0,Green
2022,3,12,13,70,23.2,63,0,0,Green
2022,3,13,11.4,60,24.2,69,Trace,0,Green
2022,3,14,10,70,24.3,73,0,0,Green
2022,3,15,12.5,260,23.6,76,0,0,Green
2022,3,16,19.7,90,23.2,72,0,0,Green
2022,3,17,11.5,80,24.9,79,0.8,0,Green
2022,3,18,8,260,24.7,79,0,0,Green
2022,3,19,16.8,80,24.9,74,0,0,Green
2022,3,20,25.8,80,21.9,84,5.5,0,Green
2022,3,21,21.5,90,24.3,81,Trace,0,Green
2022,3,22,16.7,90,25.6,83,0.1,0,Green
2022,3,23,12.9,50,17.4,90,73.1,0,Green
2022,3,24,25.5,80,18,88,0.2,0,Green
2022,3,25,31.7,210,24.6,84,1.5,0,Green
2022,3,26,24.3,220,27.4,78,0.1,0,Green
2022,3,27,13.4,330,22.1,75,Trace,0,Green
2022,3,28,11.5,30,17.2,86,24.1,0,Green
2022,3,29,12.1,80,19.8,76,Trace,0,Green
2022,3,30,16.8,90,23.5,66,Trace,0,Green
2022,3,31,18.3,100,25.8,62,0,0,Green
2022,4,1,19.5,100,20,73,0.2,0,Green
2022,4,2,14.3,10,14.9,75,2.9,0,Green
2022,4,3,15.8,50,18.8,44,0,0,Green
2022,4,4,16.3,90,20.4,48,0,0,Green
2022,4,5,11.9,90,21.7,55,0,0,Green
2022,4,6,11,80,22.9,56,0,0,Green
2022,4,7,15.5,90,23.6,57,0,0,Green
2022,4,8,18.5,90,24.1,41,0,0,Green
2022,4,9,18,100,23.7,57,0,0,Green
2022,4,10,11.8,80,24.2,60,0,0,Green
2022,4,11,9.9,270,25.6,69,0,0,Green
2022,4,12,11.6,150,26,70,0,0,Green
2022,4,13,10.2,240,26,75,0,0,Green
2022,4,14,12.4,310,25.5,64,2.5,0,Green
2022,4,15,27.8,100,25,61,0,0,Green
2022,4,16,30,100,22.9,67,0,0,Green
2022,4,17,19.3,100,22,66,0.6,0,Green
2022,4,18,14.3,330,21.5,74,Trace,0,Green
2022,4,19,8.9,360,19.1,83,1,0,Green
2022,4,20,8.9,260,21.6,75,0,0,Green
2022,4,21,10.3,270,24.5,70,0,0,Green
2022,4,22,14.3,150,25.9,76,Trace,0,Green
2022,4,23,10.3,100,27.1,75,Trace,0,Green
2022,4,24,13,150,27.5,75,0,0,Green
2022,4,25,14.1,160,28.2,73,0,0,Green
2022,4,26,13.3,190,28.1,74,0,0,Green
2022,4,27,12,160,28.9,71,0,0,Green
2022,4,28,19.9,150,29,71,0,0,Green
2022,4,29,10.7,90,28.9,71,0,0,Green
2022,4,30,21,100,26.5,76,Trace,0,Green
2022,5,1,19.3,40,20.2,87,65.9,0,Green
2022,5,2,12.9,30,18.9,76,26.9,0,Green
2022,5,3,14.3,40,22.7,56,0,0,Green
2022,5,4,13.1,80,24.8,57,0,0,Green
2022,5,5,13.8,90,25.8,64,0,0,Green
2022,5,6,14.1,90,26.1,68,0,0,Green
2022,5,7,12.3,80,25.6,73,1.1,0,Green
2022,5,8,14.6,100,25.8,61,Trace,0,Green
2022,5,9,14.2,90,26.1,71,Trace,0,Green
2022,5,10,15.5,100,26.6,81,0.9,0,Green
2022,5,11,14.2,90,25.8,89,77.9,0,Green
2022,5,12,18.6,220,26.1,87,118.8,1150,Amber
2022,5,13,14.1,240,25.9,89,85.6,710,Red
2022,5,14,10.9,100,24.9,90,2.8,0,Green
2022,5,15,21.1,90,23.5,87,9.4,0,Green
2022,5,16,14,40,20.3,79,2.9,0,Green
2022,5,17,13.2,40,22.7,65,Trace,0,Green
2022,5,18,16,100,25.4,42,0,0,Green
2022,5,19,13.5,90,26.2,56,Trace,0,Green
2022,5,20,9.7,270,27.4,68,0,0,Green
2022,5,21,11.4,100,27.2,70,0,0,Green
2022,5,22,25.5,100,26.3,74,Trace,0,Green
2022,5,23,27.1,90,25.2,83,Trace,0,Green
2022,5,24,20.3,90,26.1,83,0.2,0,Green
2022,5,25,16.2,90,26.4,84,0.3,0,Green
2022,5,26,14.2,150,27.8,79,Trace,0,Green
2022,5,27,9.5,220,27.4,86,31.4,0,Green
2022,5,28,17.3,190,29,76,0.1,0,Green
2022,5,29,15.8,150,29.5,73,0.9,0,Green
2022,5,30,11.9,150,29.4,72,Trace,0,Green
2022,5,31,10.9,150,28.4,78,5.4,0,Green
2022,6,1,11.8,200,29.2,75,0.6,0,Green
2022,6,2,17.7,210,29.4,74,0.9,0,Green
2022,6,3,19.4,200,29.5,76,8.2,0,Green
2022,6,4,22.5,200,30.1,73,0.7,0,Green
2022,6,5,22.9,200,30.1,72,Trace,0,Green
2022,6,6,18.5,220,29.2,78,20,0,Green
2022,6,7,14.9,230,28,82,14.6,355,Amber
2022,6,8,13.2,70,26.2,88,114.1,730,Red
2022,6,9,13,210,27.5,80,16.9,0,Green
2022,6,10,12.8,220,27.5,82,8.6,0,Green
2022,6,11,14,220,27.6,83,13.2,215,Amber
2022,6,12,19.3,210,28.9,80,69.4,0,Green
2022,6,13,24.1,210,29.6,75,0,0,Green
2022,6,14,17.3,220,27.7,82,21.9,115,Amber
2022,6,15,11.8,250,27.4,80,14.7,210,Amber
2022,6,16,17.4,210,28.6,76,Trace,0,Green
2022,6,17,22.1,210,29.6,73,Trace,0,Green
2022,6,18,20.3,200,29.5,74,3.1,0,Green
2022,6,19,22.3,190,29.9,75,Trace,0,Green
2022,6,20,23.5,200,29.7,74,0.3,0,Green
2022,6,21,20.2,200,29.7,74,0.3,0,Green
2022,6,22,15.4,210,30.2,70,Trace,0,Green
2022,6,23,14.6,160,30.3,70,Trace,0,Green
2022,6,24,12,230,30.2,68,0,0,Green
2022,6,25,14.1,230,30.1,68,0,0,Green
2022,6,26,12.6,150,30.2,70,2,0,Green
2022,6,27,13.6,160,30.4,69,Trace,0,Green
2022,6,28,11.7,160,31.1,62,0,0,Green
2022,6,29,13.6,100,30.4,72,0.1,0,Green
2022,6,30,16.2,70,28.1,82,33,0,Green
2022,7,1,31.3,80,28,80,45.1,220,Amber
2022,7,2,41.8,110,27.4,83,108.6,0,Green
2022,7,3,39.3,180,29.7,75,0.1,0,Green
2022,7,4,30.4,200,29.3,77,Trace,0,Green
2022,7,5,19.9,210,29.2,79,9.1,0,Green
2022,7,6,12.7,210,29.4,75,5.5,0,Green
2022,7,7,14.6,150,29.3,79,7.1,0,Green
2022,7,8,15.3,100,30.5,71,Trace,0,Green
2022,7,9,16.1,100,30.4,74,Trace,0,Green
2022,7,10,15.6,100,31,69,Trace,0,Green
2022,7,11,12.5,100,30.8,68,0,0,Green
2022,7,12,13.8,100,30.6,70,0,0,Green
2022,7,13,11,150,31,64,0,0,Green
2022,7,14,13.1,150,30.6,71,0,0,Green
2022,7,15,11.6,210,31.1,70,Trace,0,Green
2022,7,16,19.3,220,31.3,70,Trace,0,Green
2022,7,17,21.5,220,31.5,68,Trace,0,Green
2022,7,18,16.1,210,31.4,69,0,0,Green
2022,7,19,14.7,150,31.1,70,1.5,0,Green
2022,7,20,16.5,150,31.5,67,Trace,0,Green
2022,7,21,13.4,160,31.5,62,0,0,Green
2022,7,22,10.3,240,31.8,60,0,0,Green
2022,7,23,12.1,230,32.3,65,0,0,Green
2022,7,24,11.4,240,32.7,63,0,0,Green
2022,7,25,11.8,230,32.7,65,0,0,Green
2022,7,26,13.9,240,31.8,65,0,0,Green
2022,7,27,11.9,230,31.4,64,0,0,Green
2022,7,28,11.8,230,31.9,66,0,0,Green
2022,7,29,9,240,32.5,67,0,0,Green
2022,7,30,8.8,70,30.1,74,26.9,130,Amber
2022,7,31,10.3,260,31.4,70,0,0,Green
2022,8,1,11.3,250,31.7,65,0,0,Green
2022,8,2,11.2,230,31.7,65,Trace,0,Green
2022,8,3,9.4,70,29.1,72,0.3,0,Green
2022,8,4,10.8,140,27.4,84,68.4,130,Amber
2022,8,5,12.5,80,26.7,87,52.1,922,Amber
2022,8,6,12.2,80,28.4,83,15.6,0,Green
2022,8,7,16.1,100,30.5,72,0.1,0,Green
2022,8,8,14.8,90,29,79,5.7,0,Green
2022,8,9,23.2,90,27.1,84,48.6,0,Green
2022,8,10,28.1,110,27.5,85,121.4,0,Green
2022,8,11,17.1,100,27.2,86,46.3,0,Green
2022,8,12,8.9,70,26.5,87,52.2,335,Amber
2022,8,13,10.5,60,28.7,77,0,0,Green
2022,8,14,9.1,150,29.7,74,1.5,0,Green
2022,8,15,10.3,270,30.5,73,Trace,0,Green
2022,8,16,10.9,70,30.2,73,2.2,0,Green
2022,8,17,17.3,100,29.1,78,4.9,205,Amber
2022,8,18,11.3,90,28.8,80,3.4,0,Green
2022,8,19,12.6,110,29.2,76,2,0,Green
2022,8,20,18.4,110,28.7,76,9,0,Green
2022,8,21,15,150,29.6,76,18.7,0,Green
2022,8,22,11.5,230,30.6,72,0,0,Green
2022,8,23,10,220,31.8,71,0,0,Green
2022,8,24,20,70,31.9,65,3,0,Green
2022,8,25,27.3,110,27.2,83,64.9,0,Green
2022,8,26,15.6,150,29.6,76,Trace,0,Green
2022,8,27,10.1,240,30.1,75,0,0,Green
2022,8,28,10.6,280,30.8,74,0,0,Green
2022,8,29,9.7,60,30.2,76,0.5,0,Green
2022,8,30,9.1,250,30.2,72,Trace,0,Green
2022,8,31,8.3,350,30.2,75,0.2,0,Green
2022,9,1,10.8,80,29.9,76,12.2,0,Green
2022,9,2,16.2,10,29.9,59,0,0,Green
2022,9,3,18.8,330,30,52,0,0,Green
2022,9,4,16.3,320,30.7,53,0,0,Green
2022,9,5,11.9,310,31.3,53,0,0,Green
2022,9,6,11.9,110,31.4,54,0,0,Green
2022,9,7,18.8,100,29.3,73,Trace,0,Green
2022,9,8,14.1,60,30.1,64,Trace,0,Green
2022,9,9,11.3,80,30.4,46,Trace,0,Green
2022,9,10,9.5,70,29.6,64,0,0,Green
2022,9,11,9.3,240,30.3,68,0,0,Green
2022,9,12,10.4,230,31.6,55,0,0,Green
2022,9,13,9.2,230,32.2,48,0,0,Green
2022,9,14,11.1,290,32.3,43,0,0,Green
2022,9,15,9.1,180,31.6,48,0,0,Green
2022,9,16,8.8,270,31.6,56,0,0,Green
2022,9,17,11.1,210,31.6,62,0,0,Green
2022,9,18,13.3,230,31.6,66,1.4,0,Green
2022,9,19,12.1,260,29.4,72,7.5,0,Green
2022,9,20,17.8,100,30.1,69,Trace,0,Green
2022,9,21,21.4,100,29.3,62,0.1,0,Green
2022,9,22,16.7,100,29.5,63,0,0,Green
2022,9,23,11.2,80,29.1,69,0.5,0,Green
2022,9,24,19,100,29.1,63,0,0,Green
2022,9,25,12.9,80,29.2,66,0,0,Green
2022,9,26,14.8,90,29.9,64,0,0,Green
2022,9,27,23.2,90,30.2,64,Trace,0,Green
2022,9,28,27,100,29.9,64,0,0,Green
2022,9,29,23.2,100,28.5,75,10.3,0,Green
2022,9,30,15.3,80,26.5,87,58.6,450,Amber
2022,10,1,16.9,90,28.6,78,1.2,0,Green
2022,10,2,18.9,100,29.9,73,0,0,Green
2022,10,3,10.3,110,30,68,0,0,Green
2022,10,4,9.1,70,29.4,69,0,0,Green
2022,10,5,18.6,100,30,65,0,0,Green
2022,10,6,17.6,90,29.6,66,0,0,Green
2022,10,7,15.2,90,29.4,68,5.6,0,Green
2022,10,8,13.6,60,27.7,66,0,0,Green
2022,10,9,14.3,60,28,62,0.2,0,Green
2022,10,10,18.5,10,24.7,43,0,0,Green
2022,10,11,12,40,24.1,36,0,0,Green
2022,10,12,14,40,25.2,38,0,0,Green
2022,10,13,13.6,60,26.5,47,0,0,Green
2022,10,14,13.1,50,27.1,58,0,0,Green
2022,10,15,14.2,40,27.6,47,0,0,Green
2022,10,16,17.6,360,28.6,40,0,0,Green
2022,10,17,24.5,10,27.7,38,0.4,0,Green
2022,10,18,22.5,40,20.8,63,21.1,0,Green
2022,10,19,16.6,40,23.4,43,0,0,Green
2022,10,20,21.8,80,25.3,56,0,0,Green
2022,10,21,16.3,80,25.8,61,0,0,Green
2022,10,22,11.2,100,26.8,60,0,0,Green
2022,10,23,14.4,100,27,63,Trace,0,Green
2022,10,24,21.5,100,26,61,0,0,Green
2022,10,25,26.5,100,24.6,57,0,0,Green
2022,10,26,18.4,90,24.6,58,0,0,Green
2022,10,27,17.1,100,25.3,63,0,0,Green
2022,10,28,16.4,100,25.9,62,0,0,Green
2022,10,29,15.4,30,26.5,57,0,0,Green
2022,10,30,17.7,40,25.8,51,0,0,Green
2022,10,31,23.7,10,25.7,46,0,0,Green
2022,11,1,21.7,10,22.4,60,15.4,0,Green
2022,11,2,19.1,360,19.9,85,18.5,0,Green
2022,11,3,20.6,100,22.7,86,21.6,100,Amber
2022,11,4,17.4,90,23.4,82,1.8,0,Green
2022,11,5,13.8,40,21.3,77,Trace,0,Green
2022,11,6,9.8,50,20.2,86,9.4,0,Green
2022,11,7,9.2,40,21,85,9.8,0,Green
2022,11,8,9.2,50,21.9,86,2.9,0,Green
2022,11,9,9,60,24.1,76,0,0,Green
2022,11,10,12.3,80,25,74,0,0,Green
2022,11,11,13.6,90,25.4,73,0,0,Green
2022,11,12,8.9,50,24.9,75,0,0,Green
2022,11,13,9.2,50,25.3,75,0,0,Green
2022,11,14,17.4,90,25,71,0,0,Green
2022,11,15,13.2,80,25.6,69,0,0,Green
2022,11,16,23.1,90,25.2,71,Trace,0,Green
2022,11,17,14.9,80,25.3,73,0,0,Green
2022,11,18,13.9,40,25.2,74,0,0,Green
2022,11,19,11,80,26.1,68,0,0,Green
2022,11,20,13.1,60,25.2,72,0,0,Green
2022,11,21,21,90,24.6,72,Trace,0,Green
2022,11,22,24.3,80,24.5,79,0.2,0,Green
2022,11,23,19.8,80,24.3,85,0.3,0,Green
2022,11,24,22.9,80,22.8,87,2,0,Green
2022,11,25,16.9,70,23.4,85,1.2,0,Green
2022,11,26,11,50,23.1,84,0.1,0,Green
2022,11,27,24,80,24.6,82,0.3,0,Green
2022,11,28,12.7,140,26.8,80,0.4,0,Green
2022,11,29,12.3,70,26.7,75,0,0,Green
2022,11,30,12.1,30,22.1,77,0.2,0,Green
2022,12,1,15,360,15.2,68,Trace,0,Green
2022,12,2,14.1,360,14.7,65,Trace,0,Green
2022,12,3,11.6,360,18.1,69,0,0,Green
2022,12,4,13.8,330,19.9,73,Trace,0,Green
2022,12,5,17.5,360,16.7,64,0,0,Green
2022,12,6,14.1,360,15.8,62,0,0,Green
2022,12,7,13,310,17.9,64,0,0,Green
2022,12,8,10.8,320,19.3,66,0,0,Green
2022,12,9,13,350,19.3,63,0,0,Green
2022,12,10,15.2,20,18.3,55,0,0,Green
2022,12,11,15.4,360,16.3,54,0,0,Green
2022,12,12,16.9,360,16,56,Trace,0,Green
2022,12,13,12.8,360,13.8,65,4.3,0,Green
2022,12,14,12.9,20,12.1,86,8.5,0,Green
2022,12,15,9.3,40,13.8,89,3.8,0,Green
2022,12,16,10.1,340,16,91,14.2,0,Green
2022,12,17,23,10,13.1,59,9.8,0,Green
2022,12,18,18.3,30,12.4,20,Trace,0,Green
2022,12,19,13,40,13.5,38,0,0,Green
2022,12,20,13.7,80,17.3,57,0,0,Green
2022,12,21,12.9,360,17.5,44,Trace,0,Green
2022,12,22,12.3,30,17.5,27,0,0,Green
2022,12,23,11.1,50,16.7,31,0,0,Green
2022,12,24,10.3,50,16.4,39,0,0,Green
2022,12,25,9.8,100,16,50,0,0,Green
2022,12,26,12.4,80,16.6,59,0,0,Green
2022,12,27,12.8,70,17.2,63,0,0,Green
2022,12,28,11.6,70,17.6,62,0,0,Green
2022,12,29,13.4,40,16.2,51,Trace,0,Green
2022,12,30,13.8,20,14.3,56,0,0,Green
2022,12,31,13.2,10,14.6,59,0,0,Green
2023,1,1,12,40,15.8,60,0,0,Green
2023,1,2,12.7,40,18.2,59,Trace,0,Green
2023,1,3,12.4,40,16.6,66,Trace,0,Green
2023,1,4,10.9,40,16.9,67,Trace,0,Green
2023,1,5,9.7,60,18.9,70,Trace,0,Green
2023,1,6,12.3,50,20.4,56,0,0,Green
2023,1,7,12.9,40,19.6,48,0,0,Green
2023,1,8,14.5,90,19.5,49,Trace,0,Green
2023,1,9,12.5,320,19,72,Trace,0,Green
2023,1,10,9,50,18,89,5.6,0,Green
2023,1,11,13.6,90,18.8,82,2.7,0,Green
2023,1,12,26.8,90,20.2,82,Trace,0,Green
2023,1,13,13.3,200,23,87,1.2,0,Green
2023,1,14,9.9,60,23.1,86,0.1,0,Green
2023,1,15,18.2,310,17.3,75,Trace,0,Green
2023,1,16,13.8,10,11.6,57,0,0,Green
2023,1,17,12.8,340,11.7,66,Trace,0,Green
2023,1,18,13,10,13.6,49,0,0,Green
2023,1,19,9,320,15.5,54,0,0,Green
2023,1,20,9.8,40,17.1,53,Trace,0,Green
2023,1,21,18.4,90,17.7,72,Trace,0,Green
2023,1,22,11.3,60,19.5,75,Trace,0,Green
2023,1,23,7.3,260,19,81,0,0,Green
2023,1,24,25.3,360,15.4,43,Trace,0,Green
2023,1,25,13.7,40,12.2,42,0,0,Green
2023,1,26,10.1,50,15.7,60,0,0,Green
2023,1,27,17.9,360,15.5,40,Trace,0,Green
2023,1,28,15.8,30,13.1,19,0,0,Green
2023,1,29,13.3,310,12.7,25,0,0,Green
2023,1,30,9.1,50,14.8,36,0,0,Green
2023,1,31,15.2,80,17.8,55,0,0,Green
2023,2,1,14,60,20.9,70,0,0,Green
2023,2,2,20.9,90,20.2,72,0,0,Green
2023,2,3,16.3,90,19,68,Trace,0,Green
2023,2,4,20.8,90,18.5,74,0.1,0,Green
2023,2,5,15,80,18.8,77,Trace,0,Green
2023,2,6,8.7,80,20,80,Trace,0,Green
2023,2,7,10.1,50,21.4,78,Trace,0,Green
2023,2,8,21.3,80,19.4,78,Trace,0,Green
2023,2,9,18.9,80,20.6,76,Trace,0,Green
2023,2,10,9.4,70,21.7,81,Trace,0,Green
2023,2,11,25.3,80,20.7,83,Trace,0,Green
2023,2,12,23.8,90,22.4,83,Trace,0,Green
2023,2,13,14.8,70,23.8,77,Trace,0,Green
2023,2,14,18.3,10,17.7,62,Trace,0,Green
2023,2,15,14.9,30,15.9,52,0,0,Green
2023,2,16,13.9,50,16.7,53,0,0,Green
2023,2,17,13.5,70,19,62,0,0,Green
2023,2,18,9.9,100,21.6,60,Trace,0,Green
2023,2,19,10.4,50,23.3,61,0,0,Green
2023,2,20,15.4,90,20.4,55,Trace,0,Green
2023,2,21,21.8,90,18.4,58,Trace,0,Green
2023,2,22,18,80,17.3,56,0,0,Green
2023,2,23,15.3,80,18.5,62,0,0,Green
2023,2,24,15.9,310,20.5,59,0,0,Green
2023,2,25,16.5,40,17,47,0,0,Green
2023,2,26,15.1,30,16.7,51,0,0,Green
2023,2,27,18.5,90,16.8,53,0,0,Green
2023,2,28,15.7,90,17.9,64,0,0,Green
2023,3,1,8.3,60,19.8,62,0,0,Green
2023,3,2,17.3,90,20.4,61,0,0,Green
2023,3,3,18.7,90,19.3,46,0,0,Green
2023,3,4,12.8,70,19.8,59,0,0,Green
2023,3,5,16.5,90,20.5,48,0,0,Green
2023,3,6,20,90,20.6,41,0,0,Green
2023,3,7,14.1,80,20.9,44,0,0,Green
2023,3,8,10.2,60,21.6,70,0,0,Green
2023,3,9,7.5,260,22.8,64,0,0,Green
2023,3,10,17.6,90,23.2,57,0,0,Green
2023,3,11,14.2,70,22.7,63,0,0,Green
2023,3,12,11.5,20,22.8,66,0,0,Green
2023,3,13,11.1,40,20.3,52,0,0,Green
2023,3,14,15.4,90,20,68,0,0,Green
2023,3,15,13.1,70,21.4,70,0,0,Green
2023,3,16,15.9,90,22.5,61,0,0,Green
2023,3,17,15.6,80,22.7,74,0,0,Green
2023,3,18,12.8,260,22.8,73,0,0,Green
2023,3,19,24.8,90,21.6,79,Trace,0,Green
2023,3,20,20,80,23.3,77,0,0,Green
2023,3,21,14.3,140,24.5,77,0,0,Green
2023,3,22,16.5,190,25.1,79,Trace,0,Green
2023,3,23,15.5,200,25.5,75,Trace,0,Green
2023,3,24,15.3,150,25.7,74,Trace,0,Green
2023,3,25,20.9,100,23.8,85,23,300,Amber
2023,3,26,12.5,50,20.9,87,8.2,0,Green
2023,3,27,17.7,40,18.7,84,10,0,Green
2023,3,28,12.8,80,18.6,82,Trace,0,Green
2023,3,29,19.7,90,20.8,79,Trace,0,Green
2023,3,30,12.8,90,21.1,87,Trace,0,Green
2023,3,31,20.5,90,21.1,87,0.2,0,Green
2023,4,1,20.3,80,21.3,83,Trace,0,Green
2023,4,2,20.4,90,22.1,85,2.3,0,Green
2023,4,3,29.6,100,21.9,85,Trace,0,Green
2023,4,4,20.5,140,24.7,83,0.5,0,Green
2023,4,5,17.3,130,25.9,84,1.5,0,Green
2023,4,6,14.4,150,25.4,82,14.2,0,Green
2023,4,7,12.8,330,21.7,68,4.1,0,Green
2023,4,8,14.3,60,21.2,65,Trace,0,Green
2023,4,9,11.5,80,20.4,63,0.1,0,Green
2023,4,10,18,80,22.6,72,0,0,Green
2023,4,11,15,90,25,71,0,0,Green
2023,4,12,10.5,260,25,71,0,0,Green
2023,4,13,20.5,90,24.5,72,0,0,Green
2023,4,14,12.3,70,25.2,77,Trace,0,Green
2023,4,15,9.7,310,26.6,73,0,0,Green
2023,4,16,10.6,270,27,64,0,0,Green
2023,4,17,15.9,90,26.6,72,0,0,Green
2023,4,18,15.1,140,26.9,79,Trace,0,Green
2023,4,19,16.1,200,26.1,78,34.4,200,Amber
2023,4,20,12.3,90,25,89,7.1,0,Green
2023,4,21,20.5,90,24.7,85,30.9,430,Amber
2023,4,22,32.8,90,24.2,83,Trace,0,Green
2023,4,23,28.3,90,24.4,84,Trace,0,Green
2023,4,24,17.3,80,24.3,84,2.7,100,Amber
2023,4,25,17.8,320,21.5,86,0.6,0,Green
2023,4,26,13.8,360,21.5,68,0,0,Green
2023,4,27,24.8,90,23.6,73,Trace,0,Green
2023,4,28,16.7,80,25.4,77,Trace,0,Green
2023,4,29,12.1,70,25.8,77,0.1,0,Green
2023,4,30,12.7,320,24.6,66,0,0,Green
2023,5,1,22.5,100,25,71,Trace,0,Green
2023,5,2,21.9,90,24.9,68,0,0,Green
2023,5,3,16.2,90,26.6,77,Trace,0,Green
2023,5,4,16.7,100,27.8,74,0,0,Green
2023,5,5,15.6,140,27.9,74,0,0,Green
2023,5,6,17,200,28.8,75,Trace,0,Green
2023,5,7,11.8,200,26.8,81,54.5,305,Red
2023,5,8,13.3,40,23,83,13.7,0,Green
2023,5,9,21.1,90,24.3,73,Trace,0,Green
2023,5,10,24.5,90,24.6,63,Trace,0,Green
2023,5,11,18.7,80,24.3,72,Trace,0,Green
2023,5,12,9.9,30,24.1,76,5.6,0,Green
2023,5,13,7.2,40,22.8,86,11.2,0,Green
2023,5,14,10,70,21.4,89,47.6,0,Green
2023,5,15,9,70,24.8,79,0,0,Green
2023,5,16,11.9,100,26.2,78,0,0,Green
2023,5,17,17.5,210,27.9,81,37.1,150,Amber
2023,5,18,13.1,220,29.7,76,0,0,Green
2023,5,19,11.5,140,29.7,74,0,0,Green
2023,5,20,13,150,30,75,Trace,0,Green
2023,5,21,16.8,200,30.1,73,3.5,0,Green
2023,5,22,15.7,210,30.3,71,Trace,0,Green
2023,5,23,19.5,100,27.6,80,21,415,Amber
2023,5,24,24.2,90,26.2,81,0.8,0,Green
2023,5,25,24.3,90,27.6,81,0,0,Green
2023,5,26,20.8,100,29.1,77,Trace,0,Green
2023,5,27,18.1,100,29.5,72,0,0,Green
2023,5,28,13,90,29,71,0,0,Green
2023,5,29,12.3,240,29.6,64,0,0,Green
2023,5,30,9.7,230,32.3,65,0,0,Green
2023,5,31,11,240,33.3,65,0,0,Green
2023,6,1,9.3,230,29.2,77,19.1,245,Amber
2023,6,2,10.8,240,31,70,0,0,Green
2023,6,3,12,150,30.8,73,0,0,Green
2023,6,4,19.9,100,30.7,72,Trace,0,Green
2023,6,5,21.3,100,30.4,72,5.7,0,Green
2023,6,6,14.1,90,28.4,84,42.3,315,Amber
2023,6,7,13.9,150,29.5,77,3.4,0,Green
2023,6,8,13,150,29.3,79,16.2,0,Green
2023,6,9,8.9,70,28.8,81,13.8,0,Green
2023,6,10,8.7,240,29.4,78,27.8,115,Amber
2023,6,11,9.4,90,29.8,77,0.2,0,Green
2023,6,12,13,100,30.4,73,4.7,0,Green
2023,6,13,10.1,230,29.9,76,45.9,700,Amber
2023,6,14,8.2,80,28.1,84,38.7,620,Amber
2023,6,15,8.9,40,27.8,85,22.8,0,Green
2023,6,16,10,80,26.9,86,42.6,420,Amber
2023,6,17,12,70,26.8,89,55.9,335,Red
2023,6,18,13.3,140,29.2,79,8.8,130,Amber
2023,6,19,17.3,200,30.1,75,0.3,0,Green
2023,6,20,17.5,200,30.7,72,2.4,0,Green
2023,6,21,16.7,220,30.9,71,0.1,0,Green
2023,6,22,16.2,210,31,69,Trace,0,Green
2023,6,23,14.9,200,30.1,74,6.9,0,Green
2023,6,24,12.7,190,29.3,78,48.5,0,Green
2023,6,25,12.8,140,29.4,78,14.3,0,Green
2023,6,26,11.8,80,30.2,72,Trace,0,Green
2023,6,27,15.5,100,30.5,72,0,0,Green
2023,6,28,13.5,100,30,74,Trace,0,Green
2023,6,29,11.3,150,30.4,72,Trace,0,Green
2023,6,30,10.7,210,30.4,75,13.7,0,Green
2023,7,1,9.6,60,28.9,80,32.9,0,Green
2023,7,2,9.3,240,27.6,85,18.6,0,Green
2023,7,3,10.7,200,29.4,77,4.7,0,Green
2023,7,4,13.3,210,29.3,78,13.6,0,Green
2023,7,5,17.9,210,30.7,71,Trace,0,Green
2023,7,6,17.8,210,30.4,71,1.5,0,Green
2023,7,7,18.2,200,30.7,69,Trace,0,Green
2023,7,8,14.6,230,30.8,68,Trace,0,Green
2023,7,9,14.7,210,31.1,68,Trace,0,Green
2023,7,10,14.5,230,31.1,67,1.7,0,Green
2023,7,11,15.3,230,31,70,Trace,0,Green
2023,7,12,13.2,150,30.8,69,Trace,0,Green
2023,7,13,10.5,150,30.8,66,0,0,Green
2023,7,14,9.8,260,31.7,63,0,0,Green
2023,7,15,12.1,260,31.1,69,16.8,0,Green
2023,7,16,18.1,60,29.2,75,17.8,0,Green
2023,7,17,38.2,100,28.8,79,44.9,140,Amber
2023,7,18,23.6,120,29.9,76,5.6,0,Green
2023,7,19,14.9,100,29.3,79,13.4,0,Green
2023,7,20,10.5,150,30,72,2.4,0,Green
2023,7,21,10.3,250,30.3,69,0,0,Green
2023,7,22,11.7,150,30.5,70,0,0,Green
2023,7,23,10.5,150,30.3,73,2.7,0,Green
2023,7,24,10.9,150,30.5,72,0,0,Green
2023,7,25,10.8,240,31.1,66,0,0,Green
2023,7,26,10.7,230,33.1,62,0,0,Green
2023,7,27,13.3,310,32.7,63,6.6,0,Green
2023,7,28,12,230,32.5,63,0,0,Green
2023,7,29,12.9,210,29.8,79,86.3,415,Red
2023,7,30,11.7,90,29.4,80,15.3,0,Green
2023,7,31,16.8,100,29.9,74,8.5,220,Amber
2023,8,1,10.7,160,29.4,74,2.3,0,Green
2023,8,2,10,40,30,68,0,0,Green
2023,8,3,10.7,150,30.6,68,0,0,Green
2023,8,4,17.4,220,31,72,1.7,0,Green
2023,8,5,19.5,230,31,72,0.3,0,Green
2023,8,6,18.3,220,30.7,72,4.7,0,Green
2023,8,7,13.3,230,30.5,72,4,0,Green
2023,8,8,12.3,230,30.7,69,Trace,0,Green
2023,8,9,14.7,220,30.8,70,Trace,0,Green
2023,8,10,9.9,230,29.5,79,2.1,0,Green
2023,8,11,13.9,230,28.3,81,23.4,200,Amber
2023,8,12,12.6,240,29.5,75,0.6,0,Green
2023,8,13,13.4,210,29.4,75,14.8,110,Amber
2023,8,14,11.2,210,29.8,77,7,0,Green
2023,8,15,10.2,220,30.4,75,6.3,0,Green
2023,8,16,14.9,220,31.2,72,0,0,Green
2023,8,17,14.4,230,30.5,76,Trace,0,Green
2023,8,18,11.8,230,29.7,82,21.8,230,Amber
2023,8,19,9,60,29.1,80,13.4,145,Amber
2023,8,20,9.2,150,29.9,76,0,0,Green
2023,8,21,12.4,150,30.1,75,Trace,0,Green
2023,8,22,9.8,140,30.4,74,0,0,Green
2023,8,23,11.5,150,30.8,72,Trace,0,Green
2023,8,24,10.4,100,29.3,79,2.1,0,Green
2023,8,25,9,60,29.8,76,8,0,Green
2023,8,26,10,60,30.2,75,Trace,0,Green
2023,8,27,11.1,60,30.1,77,3.2,0,Green
2023,8,28,9.1,60,30,76,1.6,0,Green
2023,8,29,9,60,28.7,81,18.3,0,Green
2023,8,30,13.4,10,28.9,68,Trace,0,Green
2023,8,31,14.3,330,28.9,69,Trace,0,Green
2023,9,1,34.8,330,27.2,79,73,515,Amber
2023,9,2,36.6,90,26.7,88,95,0,Green
2023,9,3,18.3,90,29.8,70,Trace,0,Green
2023,9,4,10.1,320,30.2,73,4.8,0,Green
2023,9,5,12.7,320,29.8,68,Trace,0,Green
2023,9,6,9.7,250,29.8,70,Trace,0,Green
2023,9,7,8.7,50,28,84,90.9,1715,Black
2023,9,8,19.4,90,26.3,88,71,105,Amber
2023,9,9,19,100,26.6,86,28.9,0,Green
2023,9,10,17.9,90,26,87,44.5,230,Amber
2023,9,11,18.4,90,27.5,85,3.2,0,Green
2023,9,12,14.7,90,28.2,79,Trace,0,Green
2023,9,13,17.8,100,28.9,78,0.1,0,Green
2023,9,14,11,90,27.3,87,73.1,750,Red
2023,9,15,14.1,70,28.4,80,10.5,350,Red
2023,9,16,14.7,90,27.9,81,4,0,Green
2023,9,17,13.1,90,29.3,75,0,0,Green
2023,9,18,10.9,90,29.5,73,0,0,Green
2023,9,19,10.4,150,29.6,73,0,0,Green
2023,9,20,9.4,80,29.9,71,0,0,Green
2023,9,21,9,250,30.4,68,0,0,Green
2023,9,22,10.5,110,30.6,68,Trace,0,Green
2023,9,23,15.3,100,30.7,65,0,0,Green
2023,9,24,19.5,100,30.6,66,Trace,0,Green
2023,9,25,19.9,100,30.6,67,Trace,0,Green
2023,9,26,20.9,100,30.7,66,0,0,Green
2023,9,27,18.3,110,30.9,64,0,0,Green
2023,9,28,19.7,100,31.1,62,0,0,Green
2023,9,29,11.7,70,30.4,68,0.9,0,Green
2023,9,30,8.4,50,30.5,69,0,0,Green
2023,10,1,12.6,110,30.4,70,0,0,Green
2023,10,2,17,110,30.4,66,Trace,0,Green
2023,10,3,10.4,230,30,69,0,0,Green
2023,10,4,9.9,240,31,72,0,0,Green
2023,10,5,15.3,20,30.5,56,0,0,Green
2023,10,6,15.5,10,28.2,58,0.1,0,Green
2023,10,7,22.3,360,24.5,75,9.8,0,Green
2023,10,8,25.9,10,23.1,84,42.7,530,Amber
2023,10,9,21.5,60,23.1,93,351.9,1550,Black
2023,10,10,17.1,10,24.8,80,2.3,0,Green
2023,10,11,13.6,50,25.5,69,0,0,Green
2023,10,12,12.5,50,25.9,66,0,0,Green
2023,10,13,13.3,50,27.1,58,0,0,Green
2023,10,14,11.6,60,27.1,56,0,0,Green
2023,10,15,11,50,27.2,63,0,0,Green
2023,10,16,17,80,27.3,61,0,0,Green
2023,10,17,24.3,80,27,50,0,0,Green
2023,10,18,22.9,80,25.2,79,9.8,0,Green
2023,10,19,22.3,100,26.2,85,1.1,0,Green
2023,10,20,15.1,50,26.4,76,Trace,0,Green
2023,10,21,16.7,40,22.1,71,0.1,0,Green
2023,10,22,11.8,50,23.4,69,0,0,Green
2023,10,23,10.3,50,25.8,71,0,0,Green
2023,10,24,9.4,60,27.1,70,Trace,0,Green
2023,10,25,14.2,90,27.4,71,0,0,Green
2023,10,26,13.3,100,27,66,0,0,Green
2023,10,27,12.5,80,27.1,71,0,0,Green
2023,10,28,14,100,26.5,76,1.7,0,Green
2023,10,29,15.9,100,26.1,70,Trace,0,Green
2023,10,30,11.7,60,26.5,69,Trace,0,Green
2023,10,31,12.4,100,26,65,0,0,Green
2023,11,1,13.4,80,26.1,64,0,0,Green
2023,11,2,10.9,80,26.5,67,0,0,Green
2023,11,3,10.3,100,26.7,68,0,0,Green
2023,11,4,12.3,90,26.9,67,0,0,Green
2023,11,5,10.5,100,27.3,70,0,0,Green
2023,11,6,9.6,30,28,59,0,0,Green
2023,11,7,15.5,100,25.9,60,Trace,0,Green
2023,11,8,21.5,90,26,70,0,0,Green
2023,11,9,19.8,90,26.4,74,Trace,0,Green
2023,11,10,15.7,90,27.4,77,Trace,0,Green
2023,11,11,20.3,90,25.8,80,3.3,0,Green
2023,11,12,15.5,50,24.6,69,1.5,0,Green
2023,11,13,14.8,30,21.4,60,0,0,Green
2023,11,14,12.2,40,20.4,62,0,0,Green
2023,11,15,12.4,60,22.7,64,Trace,0,Green
2023,11,16,19.8,10,21.2,61,0,0,Green
2023,11,17,15.5,20,18.9,32,0,0,Green
2023,11,18,13,50,19.7,31,0,0,Green
2023,11,19,9.7,60,20.8,50,0,0,Green
2023,11,20,8.2,130,21.4,56,0,0,Green
2023,11,21,10,80,22.5,62,0,0,Green
2023,11,22,9.6,80,22.7,67,0,0,Green
2023,11,23,8.1,110,23.1,65,0,0,Green
2023,11,24,18.5,100,23.7,59,0,0,Green
2023,11,25,17.9,90,22.7,57,0,0,Green
2023,11,26,11.8,70,22.5,59,0,0,Green
2023,11,27,8.5,100,23,57,0,0,Green
2023,11,28,14.8,100,23.5,52,0,0,Green
2023,11,29,15.8,80,23.5,65,Trace,0,Green
2023,11,30,12.3,80,24.4,66,Trace,0,Green
2023,12,1,13.4,50,21.3,61,0.1,0,Green
2023,12,2,11.4,50,19.7,59,0,0,Green
2023,12,3,10.8,60,21.9,63,0,0,Green
2023,12,4,11.9,330,22,67,0,0,Green
2023,12,5,9.5,330,21.6,66,0,0,Green
2023,12,6,11.7,10,21.3,63,Trace,0,Green
2023,12,7,8.8,320,20.8,39,0,0,Green
2023,12,8,11.7,90,22,57,0,0,Green
2023,12,9,14.6,80,24.2,73,0,0,Green
2023,12,10,16,90,25.2,71,0,0,Green
2023,12,11,9.6,80,24.9,78,Trace,0,Green
2023,12,12,11.7,100,24.9,72,0,0,Green
2023,12,13,20.3,80,23.3,74,Trace,0,Green
2023,12,14,16,80,24.3,72,Trace,0,Green
2023,12,15,13.6,80,25.9,70,0,0,Green
2023,12,16,19.1,10,17.9,65,0.2,0,Green
2023,12,17,13.4,30,12.3,61,0,0,Green
2023,12,18,9.8,340,16,69,0,0,Green
2023,12,19,14.6,340,14.4,75,Trace,0,Green
2023,12,20,16.3,20,12.8,58,0,0,Green
2023,12,21,16.9,20,10.4,56,0,0,Green
2023,12,22,14.9,20,10.2,35,0,0,Green
2023,12,23,15.3,40,10.8,43,Trace,0,Green
2023,12,24,15,30,13,37,0,0,Green
2023,12,25,15,50,14.5,36,0,0,Green
2023,12,26,8.5,70,16.6,49,0,0,Green
2023,12,27,7.4,60,18.9,54,Trace,0,Green
2023,12,28,10,70,20.6,60,Trace,0,Green
2023,12,29,12.8,90,20.4,69,0,0,Green
2023,12,30,9.2,320,20.8,68,0,0,Green
2023,12,31,8.8,310,21.6,72,0,0,Green
2024,1,1,19,90,21,65,0,0,Green
2024,1,2,14.7,90,19.6,68,0,0,Green
2024,1,3,14.3,10,18.9,59,0,0,Green
2024,1,4,12.3,50,16.6,58,0,0,Green
2024,1,5,11,70,19.3,68,0,0,Green
2024,1,6,8.5,70,20.4,67,0,0,Green
2024,1,7,18.2,100,20.8,61,0,0,Green
2024,1,8,20.1,90,20.1,65,Trace,0,Green
2024,1,9,10.5,70,21.4,70,Trace,0,Green
2024,1,10,13.8,50,20.6,61,0,0,Green
2024,1,11,12.3,50,19.3,58,Trace,0,Green
2024,1,12,11.8,80,19.4,66,0,0,Green
2024,1,13,14.8,80,20.7,46,0,0,Green
2024,1,14,11.7,60,21.3,50,0,0,Green
2024,1,15,15.9,100,21.1,62,0,0,Green
2024,1,16,21.5,90,19.7,65,0,0,Green
2024,1,17,12.1,80,19.6,65,Trace,0,Green
2024,1,18,9.8,80,21.9,66,Trace,0,Green
2024,1,19,11.8,70,22.2,66,0,0,Green
2024,1,20,15.8,320,20.9,73,0,0,Green
2024,1,21,12.8,360,18.3,59,Trace,0,Green
2024,1,22,16.8,20,14.3,66,0.1,0,Green
2024,1,23,16.8,20,7.2,69,3.7,0,Green
2024,1,24,14.2,30,8,48,0,0,Green
2024,1,25,12.2,10,11.4,45,0,0,Green
2024,1,26,12.5,350,14,50,0,0,Green
2024,1,27,13.3,340,14.1,59,0.8,0,Green
2024,1,28,9.7,360,12.7,75,0.9,0,Green
2024,1,29,8.7,60,15.5,75,Trace,0,Green
2024,1,30,11.7,80,18.6,83,Trace,0,Green
2024,1,31,17.2,80,20.5,84,Trace,0,Green
2024,2,1,11.7,70,22,85,Trace,0,Green
2024,2,2,14.4,100,22.3,81,0,0,Green
2024,2,3,20.7,80,20.8,78,Trace,0,Green
2024,2,4,15.7,70,21.4,84,Trace,0,Green
2024,2,5,10.1,340,19.6,82,Trace,0,Green
2024,2,6,20.4,80,20.3,78,Trace,0,Green
2024,2,7,15.8,330,14.9,90,1.3,0,Green
2024,2,8,11.1,10,11.4,80,1.3,0,Green
2024,2,9,11.8,10,11.5,72,1.1,0,Green
2024,2,10,9,40,14.3,58,0.6,0,Green
2024,2,11,11.3,50,17.6,45,0,0,Green
2024,2,12,20.7,100,19,40,0,0,Green
2024,2,13,15,90,20,65,0,0,Green
2024,2,14,11.2,70,21,73,0,0,Green
2024,2,15,9,280,22.3,65,0,0,Green
2024,2,16,16.6,100,20.9,69,0,0,Green
2024,2,17,21,80,20.6,74,0,0,Green
2024,2,18,16.4,100,23.3,75,Trace,0,Green
2024,2,19,13.5,150,23.8,78,0,0,Green
2024,2,20,17.8,140,25,77,Trace,0,Green
2024,2,21,13.7,140,25.1,74,0,0,Green
2024,2,22,13,150,24.9,72,0,0,Green
2024,2,23,10.4,320,19,78,0.5,0,Green
2024,2,24,13.8,330,16.8,70,Trace,0,Green
2024,2,25,15,330,15.2,68,0,0,Green
2024,2,26,13.3,320,16.1,67,0,0,Green
2024,2,27,12.9,330,15.9,63,0,0,Green
2024,2,28,12.8,320,17,76,0.3,0,Green
2024,2,29,14.8,330,16.3,85,0.2,0,Green
2024,3,1,16.5,10,11.6,73,0.5,0,Green
2024,3,2,10.6,20,11,70,0.4,0,Green
2024,3,3,14.9,80,16.6,75,Trace,0,Green
2024,3,4,24.8,100,21.7,83,0.2,0,Green
2024,3,5,19.7,200,25.8,77,Trace,0,Green
2024,3,6,11.9,320,22.3,79,0.3,0,Green
2024,3,7,12.1,50,18.3,65,0.1,0,Green
2024,3,8,14.5,40,18.7,55,0.6,0,Green
2024,3,9,20.8,80,17,68,1.8,0,Green
2024,3,10,18.1,80,16.2,81,5.5,0,Green
2024,3,11,13.1,70,17.2,88,14,0,Green
2024,3,12,14.5,40,19.7,55,0,0,Green
2024,3,13,25.2,90,20.2,60,Trace,0,Green
2024,3,14,24.2,80,20.7,67,0,0,Green
2024,3,15,20.8,90,21.3,74,0,0,Green
2024,3,16,16.8,70,22.2,81,Trace,0,Green
2024,3,17,10.5,60,23.3,82,0,0,Green
2024,3,18,15.1,80,22.1,85,Trace,0,Green
2024,3,19,14.4,50,21,66,0.8,0,Green
2024,3,20,14.7,50,20.7,46,0,0,Green
2024,3,21,21.8,90,21.3,57,0,0,Green
2024,3,22,19.9,80,23.9,70,0,0,Green
2024,3,23,17,140,25.5,74,0,0,Green
2024,3,24,17.3,140,26.6,71,0,0,Green
2024,3,25,12.3,240,26.4,73,0,0,Green
2024,3,26,10.9,270,26.4,73,0,0,Green
2024,3,27,24.5,90,23.3,75,0,0,Green
2024,3,28,11.1,80,24.9,77,0,0,Green
2024,3,29,9.1,260,25.7,77,0,0,Green
2024,3,30,11.1,150,26.8,74,0,0,Green
2024,3,31,19.6,220,28.3,74,0,0,Green
